filepath,class,source
dataset\background\20260819_182509_266827.jpg,background,real
dataset\background\20260819_182522_114946.jpg,background,real
dataset\background\20260819_182538_299138.jpg,background,real
dataset\background\20260819_182556_766115.jpg,background,real
dataset\background\20260819_182622_426467.jpg,background,real
dataset\background\20260819_182637_115585.jpg,background,real
dataset\background\20260819_182650_298225.jpg,background,real
dataset\background\20260819_182753_806519_plastik_0.56.jpg,background,real
dataset\background\20260819_182754_978264_plastik_0.57.jpg,background,real
dataset\background\20260819_182756_148729_plastik_0.49.jpg,background,real
dataset\background\20260819_182757_319814_plastik_0.52.jpg,background,real
dataset\background\20260819_182858_811619.jpg,background,real
dataset\background\20260819_182914_302039_kaleng_0.56.jpg,background,real
dataset\background\20260819_182924_246436.jpg,background,real
dataset\background\20260819_183014_521853.jpg,background,real
dataset\background\20260819_183027_618439_kertas_0.54.jpg,background,real
dataset\background\20260819_183028_797212_kertas_0.53.jpg,background,real
dataset\background\20260819_183029_967869.jpg,background,real
dataset\background\20260823_010351_506778.jpg,background,real
dataset\background\20260823_010433_829556.jpg,background,real
dataset\background\20260823_010445_256933.jpg,background,real
dataset\background\20260823_010515_171625.jpg,background,real
dataset\background\20260823_010532_043046.jpg,background,real
dataset\background\20260823_010601_840464.jpg,background,real
dataset\background\20260823_010618_917782.jpg,background,real
dataset\background\20260823_010634_226456.jpg,background,real
dataset\background\20260823_010702_183137.jpg,background,real
dataset\background\20260823_010719_566889.jpg,background,real
dataset\background\20260827_151353_704339_plastik_0.35.jpg,background,real
dataset\background\20260827_151837_523524.jpg,background,real
dataset\background\20260827_152112_943168.jpg,background,real
dataset\background\20260827_152801_265578.jpg,background,real
dataset\background\20260827_165040_708079.jpg,background,real
dataset\background\20260827_170331_168980.jpg,background,real
dataset\background\20260827_203234_574397.jpg,background,real
dataset\background\20260828_082633_292341.jpg,background,real
dataset\background\20260828_110930_520048.jpg,background,real
dataset\background\20260829_003821_961245.jpg,background,real
dataset\background\20260901_140616_019505.jpg,background,real
dataset\background\20260901_173315_325009.jpg,background,real
dataset\background\20260901_202901_389544.jpg,background,real
dataset\background\20260901_211837_129727.jpg,background,real
dataset\background\20260901_211837_934581.jpg,background,real
dataset\background\20260901_212245_087937.jpg,background,real
dataset\background\20260901_215051_252045.jpg,background,real
dataset\background\crop_20260827_054716_320276.jpg,background,real
dataset\background\crop_20260827_055739_754555.jpg,background,real
dataset\background\crop_20260827_102805_451519.jpg,background,real
dataset\background\crop_20260827_122809_814803.jpg,background,real
dataset\background\crop_20260827_122938_686139.jpg,background,real
dataset\background\crop_20260827_124242_788778.jpg,background,real
dataset\background\crop_20260827_124854_905789.jpg,background,real
dataset\daun\20260823_010644_047432.jpg,daun,real
dataset\daun\20260823_010652_715258.jpg,daun,real
dataset\daun\20260823_010707_974040.jpg,daun,real
dataset\daun\20260823_010713_754914.jpg,daun,real
dataset\daun\20260823_010726_507136.jpg,daun,real
dataset\daun\20260827_180442_370523.jpg,daun,real
dataset\daun\20260827_180450_472165.jpg,daun,real
dataset\daun\20260827_181209_669526.jpg,daun,real
dataset\daun\20260827_181216_614058.jpg,daun,real
dataset\daun\20260827_181237_071327.jpg,daun,real
dataset\daun\20260827_203724_906620.jpg,daun,real
dataset\daun\20260827_203742_485638.jpg,daun,real
dataset\daun\20260828_111519_187375.jpg,daun,real
dataset\daun\20260828_111536_505464.jpg,daun,real
dataset\daun\20260828_111548_314794_kertas_0.57.jpg,daun,real
dataset\daun\20260828_111604_995814.jpg,daun,real
dataset\daun\20260828_111616_767784.jpg,daun,real
dataset\daun\20260828_111648_207823.jpg,daun,real
dataset\daun\20260828_111657_713190.jpg,daun,real
dataset\daun\20260828_111706_774254.jpg,daun,real
dataset\daun\20260828_111715_135093.jpg,daun,real
dataset\daun\20260828_112054_638613_daun_0.58.jpg,daun,real
dataset\daun\20260828_112107_405623.jpg,daun,real
dataset\daun\20260829_003724_861785_daun_0.60.jpg,daun,real
dataset\daun\20260829_003845_031238_daun_0.55.jpg,daun,real
dataset\daun\20260829_004022_309696.jpg,daun,real
dataset\daun\20260829_004034_543611.jpg,daun,real
dataset\daun\20260829_004107_635254.jpg,daun,real
dataset\daun\20260829_004129_798697.jpg,daun,real
dataset\daun\20260829_004150_621352.jpg,daun,real
dataset\daun\20260829_004156_881393.jpg,daun,real
dataset\daun\20260829_004243_651226.jpg,daun,real
dataset\daun\20260829_004250_129649.jpg,daun,real
dataset\daun\20260829_004357_033232.jpg,daun,real
dataset\daun\20260829_004405_247485.jpg,daun,real
dataset\daun\20260829_004412_429243.jpg,daun,real
dataset\daun\20260829_004420_185943.jpg,daun,real
dataset\daun\20260901_143214_956133.jpg,daun,real
dataset\daun\20260901_143332_461735_kertas_0.49.jpg,daun,real
dataset\daun\20260901_143335_851828.jpg,daun,real
dataset\daun\20260901_143347_020420.jpg,daun,real
dataset\daun\20260901_143352_369743_daun_0.45.jpg,daun,real
dataset\daun\20260901_203436_472123.jpg,daun,real
dataset\daun\20260901_212037_743845.jpg,daun,real
dataset\daun\20260901_212056_704830.jpg,daun,real
dataset\daun\20260901_212108_604663.jpg,daun,real
dataset\daun\20260901_212118_100748.jpg,daun,real
dataset\daun\20260901_212209_977190.jpg,daun,real
dataset\daun\20260901_212217_113590.jpg,daun,real
dataset\daun\crop_20260827_103515_098083.jpg,daun,real
dataset\daun\crop_20260827_103519_312771.jpg,daun,real
dataset\daun\crop_20260827_103521_377850.jpg,daun,real
dataset\daun\crop_20260827_103538_391821.jpg,daun,real
dataset\daun\crop_20260827_103542_250651.jpg,daun,real
dataset\daun\crop_20260827_103547_789114.jpg,daun,real
dataset\daun\crop_20260827_103558_726892.jpg,daun,real
dataset\daun\crop_20260827_103604_448657.jpg,daun,real
dataset\daun\crop_20260827_103609_371030.jpg,daun,real
dataset\daun\crop_20260827_103617_254745.jpg,daun,real
dataset\daun\crop_20260827_103622_427514.jpg,daun,real
dataset\daun\crop_20260827_103708_708050.jpg,daun,real
dataset\daun\stuck_20260828_112104_795674_background_0.53.jpg,daun,real
dataset\kaleng\20260827_171139_990924 - Copy.jpg,kaleng,real
dataset\kaleng\20260827_171139_990924.jpg,kaleng,real
dataset\kaleng\20260827_181339_448161 - Copy.jpg,kaleng,real
dataset\kaleng\20260827_181339_448161.jpg,kaleng,real
dataset\kaleng\20260828_111439_545570_kaleng_0.53 - Copy.jpg,kaleng,real
dataset\kaleng\20260828_111439_545570_kaleng_0.53.jpg,kaleng,real
dataset\kaleng\20260828_111456_983580 - Copy.jpg,kaleng,real
dataset\kaleng\20260828_111456_983580.jpg,kaleng,real
dataset\kaleng\20260901_141022_087821_plastik_0.54 - Copy.jpg,kaleng,real
dataset\kaleng\20260901_141022_087821_plastik_0.54.jpg,kaleng,real
dataset\kaleng\20260901_141038_336996 - Copy.jpg,kaleng,real
dataset\kaleng\20260901_141038_336996.jpg,kaleng,real
dataset\kaleng\20260901_141041_510205 - Copy.jpg,kaleng,real
dataset\kaleng\20260901_141041_510205.jpg,kaleng,real
dataset\kaleng\20260901_141043_896075 - Copy.jpg,kaleng,real
dataset\kaleng\20260901_141043_896075.jpg,kaleng,real
dataset\kaleng\20260901_141045_962822_kaleng_0.50 - Copy.jpg,kaleng,real
dataset\kaleng\20260901_141045_962822_kaleng_0.50.jpg,kaleng,real
dataset\kaleng\20260901_141051_441381 - Copy.jpg,kaleng,real
dataset\kaleng\20260901_141051_441381.jpg,kaleng,real
dataset\kaleng\20260901_143129_565628 - Copy.jpg,kaleng,real
dataset\kaleng\20260901_143129_565628.jpg,kaleng,real
dataset\kaleng\20260901_143133_590477 - Copy.jpg,kaleng,real
dataset\kaleng\20260901_143133_590477.jpg,kaleng,real
dataset\kaleng\20260901_143136_811397 - Copy.jpg,kaleng,real
dataset\kaleng\20260901_143136_811397.jpg,kaleng,real
dataset\kaleng\20260901_143230_637793 - Copy.jpg,kaleng,real
dataset\kaleng\20260901_143230_637793.jpg,kaleng,real
dataset\kaleng\20260901_143237_514508 - Copy.jpg,kaleng,real
dataset\kaleng\20260901_143237_514508.jpg,kaleng,real
dataset\kaleng\20260901_143242_675253 - Copy.jpg,kaleng,real
dataset\kaleng\20260901_143242_675253.jpg,kaleng,real
dataset\kaleng\20260901_143249_695875 - Copy.jpg,kaleng,real
dataset\kaleng\20260901_143249_695875.jpg,kaleng,real
dataset\kaleng\20260901_143257_735124 - Copy.jpg,kaleng,real
dataset\kaleng\20260901_143257_735124.jpg,kaleng,real
dataset\kaleng\20260901_143308_622169 - Copy.jpg,kaleng,real
dataset\kaleng\20260901_143308_622169.jpg,kaleng,real
dataset\kaleng\20260901_143312_435895 - Copy.jpg,kaleng,real
dataset\kaleng\20260901_143312_435895.jpg,kaleng,real
dataset\kaleng\20260901_143315_505470 - Copy.jpg,kaleng,real
dataset\kaleng\20260901_143315_505470.jpg,kaleng,real
dataset\kaleng\20260901_143319_850881 - Copy.jpg,kaleng,real
dataset\kaleng\20260901_143319_850881.jpg,kaleng,real
dataset\kaleng\20260901_203444_477821 - Copy.jpg,kaleng,real
dataset\kaleng\20260901_203444_477821.jpg,kaleng,real
dataset\kaleng\20260901_203447_759568 - Copy.jpg,kaleng,real
dataset\kaleng\20260901_203447_759568.jpg,kaleng,real
dataset\kaleng\20260901_203543_547141 - Copy.jpg,kaleng,real
dataset\kaleng\20260901_203543_547141.jpg,kaleng,real
dataset\kaleng\20260901_203547_293270 - Copy.jpg,kaleng,real
dataset\kaleng\20260901_203547_293270.jpg,kaleng,real
dataset\kaleng\20260901_203557_170174 - Copy.jpg,kaleng,real
dataset\kaleng\20260901_203557_170174.jpg,kaleng,real
dataset\kaleng\20260901_203601_845753 - Copy.jpg,kaleng,real
dataset\kaleng\20260901_203601_845753.jpg,kaleng,real
dataset\kaleng\20260901_203604_930833_kaleng_0.44 - Copy.jpg,kaleng,real
dataset\kaleng\20260901_203604_930833_kaleng_0.44.jpg,kaleng,real
dataset\kaleng\20260901_203607_277717_plastik_0.43 - Copy.jpg,kaleng,real
dataset\kaleng\20260901_203607_277717_plastik_0.43.jpg,kaleng,real
dataset\kaleng\20260901_203610_143138 - Copy.jpg,kaleng,real
dataset\kaleng\20260901_203610_143138.jpg,kaleng,real
dataset\kaleng\20260901_203612_655770 - Copy.jpg,kaleng,real
dataset\kaleng\20260901_203612_655770.jpg,kaleng,real
dataset\kaleng\20260901_211534_785838 - Copy (2).jpg,kaleng,real
dataset\kaleng\20260901_211534_785838 - Copy - Copy.jpg,kaleng,real
dataset\kaleng\20260901_211534_785838 - Copy.jpg,kaleng,real
dataset\kaleng\20260901_211534_785838.jpg,kaleng,real
dataset\kaleng\20260901_211540_156455 - Copy (2).jpg,kaleng,real
dataset\kaleng\20260901_211540_156455 - Copy - Copy.jpg,kaleng,real
dataset\kaleng\20260901_211540_156455 - Copy.jpg,kaleng,real
dataset\kaleng\20260901_211540_156455.jpg,kaleng,real
dataset\kaleng\20260901_211542_822291 - Copy (2).jpg,kaleng,real
dataset\kaleng\20260901_211542_822291 - Copy - Copy.jpg,kaleng,real
dataset\kaleng\20260901_211542_822291 - Copy.jpg,kaleng,real
dataset\kaleng\20260901_211542_822291.jpg,kaleng,real
dataset\kaleng\20260901_211546_484220 - Copy (2).jpg,kaleng,real
dataset\kaleng\20260901_211546_484220 - Copy - Copy.jpg,kaleng,real
dataset\kaleng\20260901_211546_484220 - Copy.jpg,kaleng,real
dataset\kaleng\20260901_211546_484220.jpg,kaleng,real
dataset\kaleng\20260901_211548_307069 - Copy (2).jpg,kaleng,real
dataset\kaleng\20260901_211548_307069 - Copy - Copy.jpg,kaleng,real
dataset\kaleng\20260901_211548_307069 - Copy.jpg,kaleng,real
dataset\kaleng\20260901_211548_307069.jpg,kaleng,real
dataset\kaleng\20260901_211551_250468 - Copy (2).jpg,kaleng,real
dataset\kaleng\20260901_211551_250468 - Copy - Copy.jpg,kaleng,real
dataset\kaleng\20260901_211551_250468 - Copy.jpg,kaleng,real
dataset\kaleng\20260901_211551_250468.jpg,kaleng,real
dataset\kaleng\20260901_211554_470281 - Copy (2).jpg,kaleng,real
dataset\kaleng\20260901_211554_470281 - Copy - Copy.jpg,kaleng,real
dataset\kaleng\20260901_211554_470281 - Copy.jpg,kaleng,real
dataset\kaleng\20260901_211554_470281.jpg,kaleng,real
dataset\kaleng\20260901_211622_359671 - Copy (2).jpg,kaleng,real
dataset\kaleng\20260901_211622_359671 - Copy - Copy.jpg,kaleng,real
dataset\kaleng\20260901_211622_359671 - Copy.jpg,kaleng,real
dataset\kaleng\20260901_211622_359671.jpg,kaleng,real
dataset\kaleng\20260901_211625_431851 - Copy (2).jpg,kaleng,real
dataset\kaleng\20260901_211625_431851 - Copy - Copy.jpg,kaleng,real
dataset\kaleng\20260901_211625_431851 - Copy.jpg,kaleng,real
dataset\kaleng\20260901_211625_431851.jpg,kaleng,real
dataset\kaleng\20260901_211628_865354 - Copy (2).jpg,kaleng,real
dataset\kaleng\20260901_211628_865354 - Copy - Copy.jpg,kaleng,real
dataset\kaleng\20260901_211628_865354 - Copy.jpg,kaleng,real
dataset\kaleng\20260901_211628_865354.jpg,kaleng,real
dataset\kaleng\20260901_211633_163135 - Copy (2).jpg,kaleng,real
dataset\kaleng\20260901_211633_163135 - Copy - Copy.jpg,kaleng,real
dataset\kaleng\20260901_211633_163135 - Copy.jpg,kaleng,real
dataset\kaleng\20260901_211633_163135.jpg,kaleng,real
dataset\kaleng\20260901_211635_047252 - Copy (2).jpg,kaleng,real
dataset\kaleng\20260901_211635_047252 - Copy - Copy.jpg,kaleng,real
dataset\kaleng\20260901_211635_047252 - Copy.jpg,kaleng,real
dataset\kaleng\20260901_211635_047252.jpg,kaleng,real
dataset\kaleng\20260901_211637_231253_plastik_0.59 - Copy (2).jpg,kaleng,real
dataset\kaleng\20260901_211637_231253_plastik_0.59 - Copy - Copy.jpg,kaleng,real
dataset\kaleng\20260901_211637_231253_plastik_0.59 - Copy.jpg,kaleng,real
dataset\kaleng\20260901_211637_231253_plastik_0.59.jpg,kaleng,real
dataset\kaleng\20260901_211640_023836 - Copy (2).jpg,kaleng,real
dataset\kaleng\20260901_211640_023836 - Copy - Copy.jpg,kaleng,real
dataset\kaleng\20260901_211640_023836 - Copy.jpg,kaleng,real
dataset\kaleng\20260901_211640_023836.jpg,kaleng,real
dataset\kaleng\20260901_211642_873443 - Copy (2).jpg,kaleng,real
dataset\kaleng\20260901_211642_873443 - Copy - Copy.jpg,kaleng,real
dataset\kaleng\20260901_211642_873443 - Copy.jpg,kaleng,real
dataset\kaleng\20260901_211642_873443.jpg,kaleng,real
dataset\kaleng\20260901_211646_357614 - Copy (2).jpg,kaleng,real
dataset\kaleng\20260901_211646_357614 - Copy - Copy.jpg,kaleng,real
dataset\kaleng\20260901_211646_357614 - Copy.jpg,kaleng,real
dataset\kaleng\20260901_211646_357614.jpg,kaleng,real
dataset\kaleng\20260901_211649_618434 - Copy (2).jpg,kaleng,real
dataset\kaleng\20260901_211649_618434 - Copy - Copy.jpg,kaleng,real
dataset\kaleng\20260901_211649_618434 - Copy.jpg,kaleng,real
dataset\kaleng\20260901_211649_618434.jpg,kaleng,real
dataset\kaleng\20260901_211656_068405 - Copy (2).jpg,kaleng,real
dataset\kaleng\20260901_211656_068405 - Copy - Copy.jpg,kaleng,real
dataset\kaleng\20260901_211656_068405 - Copy.jpg,kaleng,real
dataset\kaleng\20260901_211656_068405.jpg,kaleng,real
dataset\kaleng\20260901_211658_528750 - Copy (2).jpg,kaleng,real
dataset\kaleng\20260901_211658_528750 - Copy - Copy.jpg,kaleng,real
dataset\kaleng\20260901_211658_528750 - Copy.jpg,kaleng,real
dataset\kaleng\20260901_211658_528750.jpg,kaleng,real
dataset\kaleng\20260901_211700_546762 - Copy (2).jpg,kaleng,real
dataset\kaleng\20260901_211700_546762 - Copy - Copy.jpg,kaleng,real
dataset\kaleng\20260901_211700_546762 - Copy.jpg,kaleng,real
dataset\kaleng\20260901_211700_546762.jpg,kaleng,real
dataset\kaleng\20260901_211703_291924 - Copy (2).jpg,kaleng,real
dataset\kaleng\20260901_211703_291924 - Copy - Copy.jpg,kaleng,real
dataset\kaleng\20260901_211703_291924 - Copy.jpg,kaleng,real
dataset\kaleng\20260901_211703_291924.jpg,kaleng,real
dataset\kaleng\20260901_211730_713756 - Copy (2).jpg,kaleng,real
dataset\kaleng\20260901_211730_713756 - Copy - Copy.jpg,kaleng,real
dataset\kaleng\20260901_211730_713756 - Copy.jpg,kaleng,real
dataset\kaleng\20260901_211730_713756.jpg,kaleng,real
dataset\kaleng\20260901_211735_328756_daun_0.54 - Copy (2).jpg,kaleng,real
dataset\kaleng\20260901_211735_328756_daun_0.54 - Copy - Copy.jpg,kaleng,real
dataset\kaleng\20260901_211735_328756_daun_0.54 - Copy.jpg,kaleng,real
dataset\kaleng\20260901_211735_328756_daun_0.54.jpg,kaleng,real
dataset\kaleng\20260901_211738_139175 - Copy (2).jpg,kaleng,real
dataset\kaleng\20260901_211738_139175 - Copy - Copy.jpg,kaleng,real
dataset\kaleng\20260901_211738_139175 - Copy.jpg,kaleng,real
dataset\kaleng\20260901_211738_139175.jpg,kaleng,real
dataset\kaleng\20260901_211740_504787 - Copy (2).jpg,kaleng,real
dataset\kaleng\20260901_211740_504787 - Copy - Copy.jpg,kaleng,real
dataset\kaleng\20260901_211740_504787 - Copy.jpg,kaleng,real
dataset\kaleng\20260901_211740_504787.jpg,kaleng,real
dataset\kaleng\20260901_211742_956757 - Copy (2).jpg,kaleng,real
dataset\kaleng\20260901_211742_956757 - Copy - Copy.jpg,kaleng,real
dataset\kaleng\20260901_211742_956757 - Copy.jpg,kaleng,real
dataset\kaleng\20260901_211742_956757.jpg,kaleng,real
dataset\kaleng\20260901_211748_027833 - Copy (2).jpg,kaleng,real
dataset\kaleng\20260901_211748_027833 - Copy - Copy.jpg,kaleng,real
dataset\kaleng\20260901_211748_027833 - Copy.jpg,kaleng,real
dataset\kaleng\20260901_211748_027833.jpg,kaleng,real
dataset\kaleng\20260901_211751_897036 - Copy (2).jpg,kaleng,real
dataset\kaleng\20260901_211751_897036 - Copy - Copy.jpg,kaleng,real
dataset\kaleng\20260901_211751_897036 - Copy.jpg,kaleng,real
dataset\kaleng\20260901_211751_897036.jpg,kaleng,real
dataset\kaleng\20260901_211813_521916 - Copy (2).jpg,kaleng,real
dataset\kaleng\20260901_211813_521916 - Copy - Copy.jpg,kaleng,real
dataset\kaleng\20260901_211813_521916 - Copy.jpg,kaleng,real
dataset\kaleng\20260901_211813_521916.jpg,kaleng,real
dataset\kaleng\20260901_211822_263722_kertas_0.53 - Copy (2).jpg,kaleng,real
dataset\kaleng\20260901_211822_263722_kertas_0.53 - Copy - Copy.jpg,kaleng,real
dataset\kaleng\20260901_211822_263722_kertas_0.53 - Copy.jpg,kaleng,real
dataset\kaleng\20260901_211822_263722_kertas_0.53.jpg,kaleng,real
dataset\kaleng\20260901_211930_615995 - Copy (2).jpg,kaleng,real
dataset\kaleng\20260901_211930_615995 - Copy - Copy.jpg,kaleng,real
dataset\kaleng\20260901_211930_615995 - Copy.jpg,kaleng,real
dataset\kaleng\20260901_211930_615995.jpg,kaleng,real
dataset\kaleng\20260901_211934_484702 - Copy (2).jpg,kaleng,real
dataset\kaleng\20260901_211934_484702 - Copy - Copy.jpg,kaleng,real
dataset\kaleng\20260901_211934_484702 - Copy.jpg,kaleng,real
dataset\kaleng\20260901_211934_484702.jpg,kaleng,real
dataset\kaleng\20260901_211938_952273 - Copy (2).jpg,kaleng,real
dataset\kaleng\20260901_211938_952273 - Copy - Copy.jpg,kaleng,real
dataset\kaleng\20260901_211938_952273 - Copy.jpg,kaleng,real
dataset\kaleng\20260901_211938_952273.jpg,kaleng,real
dataset\kaleng\20260901_211942_008180 - Copy (2).jpg,kaleng,real
dataset\kaleng\20260901_211942_008180 - Copy - Copy.jpg,kaleng,real
dataset\kaleng\20260901_211942_008180 - Copy.jpg,kaleng,real
dataset\kaleng\20260901_211942_008180.jpg,kaleng,real
dataset\kaleng\20260901_211944_516131_plastik_0.58 - Copy (2).jpg,kaleng,real
dataset\kaleng\20260901_211944_516131_plastik_0.58 - Copy - Copy.jpg,kaleng,real
dataset\kaleng\20260901_211944_516131_plastik_0.58 - Copy.jpg,kaleng,real
dataset\kaleng\20260901_211944_516131_plastik_0.58.jpg,kaleng,real
dataset\kaleng\20260901_211947_687211 - Copy (2).jpg,kaleng,real
dataset\kaleng\20260901_211947_687211 - Copy - Copy.jpg,kaleng,real
dataset\kaleng\20260901_211947_687211 - Copy.jpg,kaleng,real
dataset\kaleng\20260901_211947_687211.jpg,kaleng,real
dataset\kaleng\20260901_212525_570463 - Copy (2).jpg,kaleng,real
dataset\kaleng\20260901_212525_570463 - Copy - Copy.jpg,kaleng,real
dataset\kaleng\20260901_212525_570463 - Copy.jpg,kaleng,real
dataset\kaleng\20260901_212525_570463.jpg,kaleng,real
dataset\kaleng\20260901_212534_406686 - Copy (2).jpg,kaleng,real
dataset\kaleng\20260901_212534_406686 - Copy - Copy.jpg,kaleng,real
dataset\kaleng\20260901_212534_406686 - Copy.jpg,kaleng,real
dataset\kaleng\20260901_212534_406686.jpg,kaleng,real
dataset\kaleng\20260901_212537_576446 - Copy (2).jpg,kaleng,real
dataset\kaleng\20260901_212537_576446 - Copy - Copy.jpg,kaleng,real
dataset\kaleng\20260901_212537_576446 - Copy.jpg,kaleng,real
dataset\kaleng\20260901_212537_576446.jpg,kaleng,real
dataset\kaleng\20260901_212539_920032_kaleng_0.58 - Copy (2).jpg,kaleng,real
dataset\kaleng\20260901_212539_920032_kaleng_0.58 - Copy - Copy.jpg,kaleng,real
dataset\kaleng\20260901_212539_920032_kaleng_0.58 - Copy.jpg,kaleng,real
dataset\kaleng\20260901_212539_920032_kaleng_0.58.jpg,kaleng,real
dataset\kaleng\20260901_212543_639512 - Copy (2).jpg,kaleng,real
dataset\kaleng\20260901_212543_639512 - Copy - Copy.jpg,kaleng,real
dataset\kaleng\20260901_212543_639512 - Copy.jpg,kaleng,real
dataset\kaleng\20260901_212543_639512.jpg,kaleng,real
dataset\kaleng\20260901_212546_425076 - Copy (2).jpg,kaleng,real
dataset\kaleng\20260901_212546_425076 - Copy - Copy.jpg,kaleng,real
dataset\kaleng\20260901_212546_425076 - Copy.jpg,kaleng,real
dataset\kaleng\20260901_212546_425076.jpg,kaleng,real
dataset\kaleng\20260901_212548_543555 - Copy (2).jpg,kaleng,real
dataset\kaleng\20260901_212548_543555 - Copy - Copy.jpg,kaleng,real
dataset\kaleng\20260901_212548_543555 - Copy.jpg,kaleng,real
dataset\kaleng\20260901_212548_543555.jpg,kaleng,real
dataset\kaleng\20260901_214951_040909_kertas_0.49 - Copy (2).jpg,kaleng,real
dataset\kaleng\20260901_214951_040909_kertas_0.49 - Copy - Copy.jpg,kaleng,real
dataset\kaleng\20260901_214951_040909_kertas_0.49 - Copy.jpg,kaleng,real
dataset\kaleng\20260901_214951_040909_kertas_0.49.jpg,kaleng,real
dataset\kaleng\20260901_214954_444076_kaleng_0.46 - Copy (2).jpg,kaleng,real
dataset\kaleng\20260901_214954_444076_kaleng_0.46 - Copy - Copy.jpg,kaleng,real
dataset\kaleng\20260901_214954_444076_kaleng_0.46 - Copy.jpg,kaleng,real
dataset\kaleng\20260901_214954_444076_kaleng_0.46.jpg,kaleng,real
dataset\kaleng\20260901_215102_393485 - Copy (2).jpg,kaleng,real
dataset\kaleng\20260901_215102_393485 - Copy - Copy.jpg,kaleng,real
dataset\kaleng\20260901_215102_393485 - Copy.jpg,kaleng,real
dataset\kaleng\20260901_215102_393485.jpg,kaleng,real
dataset\kaleng\20260901_215105_042884 - Copy (2).jpg,kaleng,real
dataset\kaleng\20260901_215105_042884 - Copy - Copy.jpg,kaleng,real
dataset\kaleng\20260901_215105_042884 - Copy.jpg,kaleng,real
dataset\kaleng\20260901_215105_042884.jpg,kaleng,real
dataset\kaleng\20260901_215107_919431 - Copy (2).jpg,kaleng,real
dataset\kaleng\20260901_215107_919431 - Copy - Copy.jpg,kaleng,real
dataset\kaleng\20260901_215107_919431 - Copy.jpg,kaleng,real
dataset\kaleng\20260901_215107_919431.jpg,kaleng,real
dataset\kaleng\20260901_215205_238767 - Copy (2).jpg,kaleng,real
dataset\kaleng\20260901_215205_238767 - Copy - Copy.jpg,kaleng,real
dataset\kaleng\20260901_215205_238767 - Copy.jpg,kaleng,real
dataset\kaleng\20260901_215205_238767.jpg,kaleng,real
dataset\kaleng\20260901_215207_499973 - Copy (2).jpg,kaleng,real
dataset\kaleng\20260901_215207_499973 - Copy - Copy.jpg,kaleng,real
dataset\kaleng\20260901_215207_499973 - Copy.jpg,kaleng,real
dataset\kaleng\20260901_215207_499973.jpg,kaleng,real
dataset\kaleng\20260901_215209_795645 - Copy (2).jpg,kaleng,real
dataset\kaleng\20260901_215209_795645 - Copy - Copy.jpg,kaleng,real
dataset\kaleng\20260901_215209_795645 - Copy.jpg,kaleng,real
dataset\kaleng\20260901_215209_795645.jpg,kaleng,real
dataset\kaleng\20260901_215211_976025 - Copy (2).jpg,kaleng,real
dataset\kaleng\20260901_215211_976025 - Copy - Copy.jpg,kaleng,real
dataset\kaleng\20260901_215211_976025 - Copy.jpg,kaleng,real
dataset\kaleng\20260901_215211_976025.jpg,kaleng,real
dataset\kaleng\20260901_215213_877752 - Copy (2).jpg,kaleng,real
dataset\kaleng\20260901_215213_877752 - Copy - Copy.jpg,kaleng,real
dataset\kaleng\20260901_215213_877752 - Copy.jpg,kaleng,real
dataset\kaleng\20260901_215213_877752.jpg,kaleng,real
dataset\kaleng\20260901_215216_227722 - Copy (2).jpg,kaleng,real
dataset\kaleng\20260901_215216_227722 - Copy - Copy.jpg,kaleng,real
dataset\kaleng\20260901_215216_227722 - Copy.jpg,kaleng,real
dataset\kaleng\20260901_215216_227722.jpg,kaleng,real
dataset\kaleng\20260901_215217_987178 - Copy (2).jpg,kaleng,real
dataset\kaleng\20260901_215217_987178 - Copy - Copy.jpg,kaleng,real
dataset\kaleng\20260901_215217_987178 - Copy.jpg,kaleng,real
dataset\kaleng\20260901_215217_987178.jpg,kaleng,real
dataset\kaleng\20260901_215220_294484 - Copy (2).jpg,kaleng,real
dataset\kaleng\20260901_215220_294484 - Copy - Copy.jpg,kaleng,real
dataset\kaleng\20260901_215220_294484 - Copy.jpg,kaleng,real
dataset\kaleng\20260901_215220_294484.jpg,kaleng,real
dataset\kaleng\20260901_215321_742513 - Copy (2).jpg,kaleng,real
dataset\kaleng\20260901_215321_742513 - Copy - Copy.jpg,kaleng,real
dataset\kaleng\20260901_215321_742513 - Copy.jpg,kaleng,real
dataset\kaleng\20260901_215321_742513.jpg,kaleng,real
dataset\kaleng\20260901_215326_481193 - Copy (2).jpg,kaleng,real
dataset\kaleng\20260901_215326_481193 - Copy - Copy.jpg,kaleng,real
dataset\kaleng\20260901_215326_481193 - Copy.jpg,kaleng,real
dataset\kaleng\20260901_215326_481193.jpg,kaleng,real
dataset\kaleng\20260901_215329_337631 - Copy (2).jpg,kaleng,real
dataset\kaleng\20260901_215329_337631 - Copy - Copy.jpg,kaleng,real
dataset\kaleng\20260901_215329_337631 - Copy.jpg,kaleng,real
dataset\kaleng\20260901_215329_337631.jpg,kaleng,real
dataset\kaleng\20260901_215331_947629 - Copy (2).jpg,kaleng,real
dataset\kaleng\20260901_215331_947629 - Copy - Copy.jpg,kaleng,real
dataset\kaleng\20260901_215331_947629 - Copy.jpg,kaleng,real
dataset\kaleng\20260901_215331_947629.jpg,kaleng,real
dataset\kaleng\20260901_215334_659893 - Copy (2).jpg,kaleng,real
dataset\kaleng\20260901_215334_659893 - Copy - Copy.jpg,kaleng,real
dataset\kaleng\20260901_215334_659893 - Copy.jpg,kaleng,real
dataset\kaleng\20260901_215334_659893.jpg,kaleng,real
dataset\kaleng\20260901_215337_316716 - Copy (2).jpg,kaleng,real
dataset\kaleng\20260901_215337_316716 - Copy - Copy.jpg,kaleng,real
dataset\kaleng\20260901_215337_316716 - Copy.jpg,kaleng,real
dataset\kaleng\20260901_215337_316716.jpg,kaleng,real
dataset\kaleng\20260901_215339_077030 - Copy (2).jpg,kaleng,real
dataset\kaleng\20260901_215339_077030 - Copy - Copy.jpg,kaleng,real
dataset\kaleng\20260901_215339_077030 - Copy.jpg,kaleng,real
dataset\kaleng\20260901_215339_077030.jpg,kaleng,real
dataset\kaleng\20260901_215341_683840 - Copy (2).jpg,kaleng,real
dataset\kaleng\20260901_215341_683840 - Copy - Copy.jpg,kaleng,real
dataset\kaleng\20260901_215341_683840 - Copy.jpg,kaleng,real
dataset\kaleng\20260901_215341_683840.jpg,kaleng,real
dataset\kaleng\20260901_215345_613754 - Copy (2).jpg,kaleng,real
dataset\kaleng\20260901_215345_613754 - Copy - Copy.jpg,kaleng,real
dataset\kaleng\20260901_215345_613754 - Copy.jpg,kaleng,real
dataset\kaleng\20260901_215345_613754.jpg,kaleng,real
dataset\kaleng\20260901_215347_702801 - Copy (2).jpg,kaleng,real
dataset\kaleng\20260901_215347_702801 - Copy - Copy.jpg,kaleng,real
dataset\kaleng\20260901_215347_702801 - Copy.jpg,kaleng,real
dataset\kaleng\20260901_215347_702801.jpg,kaleng,real
dataset\kaleng\20260901_215351_663148 - Copy (2).jpg,kaleng,real
dataset\kaleng\20260901_215351_663148 - Copy - Copy.jpg,kaleng,real
dataset\kaleng\20260901_215351_663148 - Copy.jpg,kaleng,real
dataset\kaleng\20260901_215351_663148.jpg,kaleng,real
dataset\kaleng\20260901_215354_312548 - Copy (2).jpg,kaleng,real
dataset\kaleng\20260901_215354_312548 - Copy - Copy.jpg,kaleng,real
dataset\kaleng\20260901_215354_312548 - Copy.jpg,kaleng,real
dataset\kaleng\20260901_215354_312548.jpg,kaleng,real
dataset\kaleng\20260901_215356_849146 - Copy (2).jpg,kaleng,real
dataset\kaleng\20260901_215356_849146 - Copy - Copy.jpg,kaleng,real
dataset\kaleng\20260901_215356_849146 - Copy.jpg,kaleng,real
dataset\kaleng\20260901_215356_849146.jpg,kaleng,real
dataset\kaleng\20260901_215358_906403 - Copy (2).jpg,kaleng,real
dataset\kaleng\20260901_215358_906403 - Copy - Copy.jpg,kaleng,real
dataset\kaleng\20260901_215358_906403 - Copy.jpg,kaleng,real
dataset\kaleng\20260901_215358_906403.jpg,kaleng,real
dataset\kaleng\20260901_215403_080870 - Copy (2).jpg,kaleng,real
dataset\kaleng\20260901_215403_080870 - Copy - Copy.jpg,kaleng,real
dataset\kaleng\20260901_215403_080870 - Copy.jpg,kaleng,real
dataset\kaleng\20260901_215403_080870.jpg,kaleng,real
dataset\kaleng\20260901_215405_994065 - Copy (2).jpg,kaleng,real
dataset\kaleng\20260901_215405_994065 - Copy - Copy.jpg,kaleng,real
dataset\kaleng\20260901_215405_994065 - Copy.jpg,kaleng,real
dataset\kaleng\20260901_215405_994065.jpg,kaleng,real
dataset\kaleng\20260901_215408_040683 - Copy (2).jpg,kaleng,real
dataset\kaleng\20260901_215408_040683 - Copy - Copy.jpg,kaleng,real
dataset\kaleng\20260901_215408_040683 - Copy.jpg,kaleng,real
dataset\kaleng\20260901_215408_040683.jpg,kaleng,real
dataset\kaleng\20260901_215410_051609 - Copy (2).jpg,kaleng,real
dataset\kaleng\20260901_215410_051609 - Copy - Copy.jpg,kaleng,real
dataset\kaleng\20260901_215410_051609 - Copy.jpg,kaleng,real
dataset\kaleng\20260901_215410_051609.jpg,kaleng,real
dataset\kaleng\20260901_215412_314518 - Copy (2).jpg,kaleng,real
dataset\kaleng\20260901_215412_314518 - Copy - Copy.jpg,kaleng,real
dataset\kaleng\20260901_215412_314518 - Copy.jpg,kaleng,real
dataset\kaleng\20260901_215412_314518.jpg,kaleng,real
dataset\kaleng\20260901_215414_063961_plastik_0.50 - Copy (2).jpg,kaleng,real
dataset\kaleng\20260901_215414_063961_plastik_0.50 - Copy - Copy.jpg,kaleng,real
dataset\kaleng\20260901_215414_063961_plastik_0.50 - Copy.jpg,kaleng,real
dataset\kaleng\20260901_215414_063961_plastik_0.50.jpg,kaleng,real
dataset\kaleng\20260901_215506_766432 - Copy (2).jpg,kaleng,real
dataset\kaleng\20260901_215506_766432 - Copy - Copy.jpg,kaleng,real
dataset\kaleng\20260901_215506_766432 - Copy.jpg,kaleng,real
dataset\kaleng\20260901_215506_766432.jpg,kaleng,real
dataset\kaleng\20260901_215515_267434 - Copy (2).jpg,kaleng,real
dataset\kaleng\20260901_215515_267434 - Copy - Copy.jpg,kaleng,real
dataset\kaleng\20260901_215515_267434 - Copy.jpg,kaleng,real
dataset\kaleng\20260901_215515_267434.jpg,kaleng,real
dataset\kaleng\20260901_215517_679069 - Copy (2).jpg,kaleng,real
dataset\kaleng\20260901_215517_679069 - Copy - Copy.jpg,kaleng,real
dataset\kaleng\20260901_215517_679069 - Copy.jpg,kaleng,real
dataset\kaleng\20260901_215517_679069.jpg,kaleng,real
dataset\kaleng\20260901_215519_381402 - Copy (2).jpg,kaleng,real
dataset\kaleng\20260901_215519_381402 - Copy - Copy.jpg,kaleng,real
dataset\kaleng\20260901_215519_381402 - Copy.jpg,kaleng,real
dataset\kaleng\20260901_215519_381402.jpg,kaleng,real
dataset\kaleng\20260901_215521_379891 - Copy (2).jpg,kaleng,real
dataset\kaleng\20260901_215521_379891 - Copy - Copy.jpg,kaleng,real
dataset\kaleng\20260901_215521_379891 - Copy.jpg,kaleng,real
dataset\kaleng\20260901_215521_379891.jpg,kaleng,real
dataset\kaleng\20260901_215524_458222_plastik_0.47 - Copy (2).jpg,kaleng,real
dataset\kaleng\20260901_215524_458222_plastik_0.47 - Copy - Copy.jpg,kaleng,real
dataset\kaleng\20260901_215524_458222_plastik_0.47 - Copy.jpg,kaleng,real
dataset\kaleng\20260901_215524_458222_plastik_0.47.jpg,kaleng,real
dataset\kaleng\20260901_215528_879584 - Copy (2).jpg,kaleng,real
dataset\kaleng\20260901_215528_879584 - Copy - Copy.jpg,kaleng,real
dataset\kaleng\20260901_215528_879584 - Copy.jpg,kaleng,real
dataset\kaleng\20260901_215528_879584.jpg,kaleng,real
dataset\kaleng\20260901_215531_478871 - Copy (2).jpg,kaleng,real
dataset\kaleng\20260901_215531_478871 - Copy - Copy.jpg,kaleng,real
dataset\kaleng\20260901_215531_478871 - Copy.jpg,kaleng,real
dataset\kaleng\20260901_215531_478871.jpg,kaleng,real
dataset\kaleng\20260901_215534_433261_kertas_0.50 - Copy (2).jpg,kaleng,real
dataset\kaleng\20260901_215534_433261_kertas_0.50 - Copy - Copy.jpg,kaleng,real
dataset\kaleng\20260901_215534_433261_kertas_0.50 - Copy.jpg,kaleng,real
dataset\kaleng\20260901_215534_433261_kertas_0.50.jpg,kaleng,real
dataset\kaleng\20260901_215542_873984_kertas_0.45 - Copy (2).jpg,kaleng,real
dataset\kaleng\20260901_215542_873984_kertas_0.45 - Copy - Copy.jpg,kaleng,real
dataset\kaleng\20260901_215542_873984_kertas_0.45 - Copy.jpg,kaleng,real
dataset\kaleng\20260901_215542_873984_kertas_0.45.jpg,kaleng,real
dataset\kaleng\20260901_215547_756371 - Copy (2).jpg,kaleng,real
dataset\kaleng\20260901_215547_756371 - Copy - Copy.jpg,kaleng,real
dataset\kaleng\20260901_215547_756371 - Copy.jpg,kaleng,real
dataset\kaleng\20260901_215547_756371.jpg,kaleng,real
dataset\kaleng\20260901_215555_179285_kaleng_0.56 - Copy (2).jpg,kaleng,real
dataset\kaleng\20260901_215555_179285_kaleng_0.56 - Copy - Copy.jpg,kaleng,real
dataset\kaleng\20260901_215555_179285_kaleng_0.56 - Copy.jpg,kaleng,real
dataset\kaleng\20260901_215555_179285_kaleng_0.56.jpg,kaleng,real
dataset\kaleng\20260901_215558_040207 - Copy (2).jpg,kaleng,real
dataset\kaleng\20260901_215558_040207 - Copy - Copy.jpg,kaleng,real
dataset\kaleng\20260901_215558_040207 - Copy.jpg,kaleng,real
dataset\kaleng\20260901_215558_040207.jpg,kaleng,real
dataset\kaleng\20260901_215600_341274_plastik_0.41 - Copy (2).jpg,kaleng,real
dataset\kaleng\20260901_215600_341274_plastik_0.41 - Copy - Copy.jpg,kaleng,real
dataset\kaleng\20260901_215600_341274_plastik_0.41 - Copy.jpg,kaleng,real
dataset\kaleng\20260901_215600_341274_plastik_0.41.jpg,kaleng,real
dataset\kaleng\20260901_215607_381964_kertas_0.60 - Copy (2).jpg,kaleng,real
dataset\kaleng\20260901_215607_381964_kertas_0.60 - Copy - Copy.jpg,kaleng,real
dataset\kaleng\20260901_215607_381964_kertas_0.60 - Copy.jpg,kaleng,real
dataset\kaleng\20260901_215607_381964_kertas_0.60.jpg,kaleng,real
dataset\kaleng\20260901_215611_939663 - Copy (2).jpg,kaleng,real
dataset\kaleng\20260901_215611_939663 - Copy - Copy.jpg,kaleng,real
dataset\kaleng\20260901_215611_939663 - Copy.jpg,kaleng,real
dataset\kaleng\20260901_215611_939663.jpg,kaleng,real
dataset\kaleng\20260901_215613_909893 - Copy (2).jpg,kaleng,real
dataset\kaleng\20260901_215613_909893 - Copy - Copy.jpg,kaleng,real
dataset\kaleng\20260901_215613_909893 - Copy.jpg,kaleng,real
dataset\kaleng\20260901_215613_909893.jpg,kaleng,real
dataset\kaleng\20260901_215616_316866 - Copy (2).jpg,kaleng,real
dataset\kaleng\20260901_215616_316866 - Copy - Copy.jpg,kaleng,real
dataset\kaleng\20260901_215616_316866 - Copy.jpg,kaleng,real
dataset\kaleng\20260901_215616_316866.jpg,kaleng,real
dataset\kaleng\20260901_215622_349283 - Copy (2).jpg,kaleng,real
dataset\kaleng\20260901_215622_349283 - Copy - Copy.jpg,kaleng,real
dataset\kaleng\20260901_215622_349283 - Copy.jpg,kaleng,real
dataset\kaleng\20260901_215622_349283.jpg,kaleng,real
dataset\kaleng\20260901_215625_602886 - Copy (2).jpg,kaleng,real
dataset\kaleng\20260901_215625_602886 - Copy - Copy.jpg,kaleng,real
dataset\kaleng\20260901_215625_602886 - Copy.jpg,kaleng,real
dataset\kaleng\20260901_215625_602886.jpg,kaleng,real
dataset\kaleng\20260901_215629_417283 - Copy (2).jpg,kaleng,real
dataset\kaleng\20260901_215629_417283 - Copy - Copy.jpg,kaleng,real
dataset\kaleng\20260901_215629_417283 - Copy.jpg,kaleng,real
dataset\kaleng\20260901_215629_417283.jpg,kaleng,real
dataset\kaleng\20260901_215631_583558 - Copy (2).jpg,kaleng,real
dataset\kaleng\20260901_215631_583558 - Copy - Copy.jpg,kaleng,real
dataset\kaleng\20260901_215631_583558 - Copy.jpg,kaleng,real
dataset\kaleng\20260901_215631_583558.jpg,kaleng,real
dataset\kaleng\20260901_215633_944940_kertas_0.52 - Copy (2).jpg,kaleng,real
dataset\kaleng\20260901_215633_944940_kertas_0.52 - Copy - Copy.jpg,kaleng,real
dataset\kaleng\20260901_215633_944940_kertas_0.52 - Copy.jpg,kaleng,real
dataset\kaleng\20260901_215633_944940_kertas_0.52.jpg,kaleng,real
dataset\kaleng\20260901_215637_753054 - Copy (2).jpg,kaleng,real
dataset\kaleng\20260901_215637_753054 - Copy - Copy.jpg,kaleng,real
dataset\kaleng\20260901_215637_753054 - Copy.jpg,kaleng,real
dataset\kaleng\20260901_215637_753054.jpg,kaleng,real
dataset\kaleng\20260901_215640_577890 - Copy (2).jpg,kaleng,real
dataset\kaleng\20260901_215640_577890 - Copy - Copy.jpg,kaleng,real
dataset\kaleng\20260901_215640_577890 - Copy.jpg,kaleng,real
dataset\kaleng\20260901_215640_577890.jpg,kaleng,real
dataset\kaleng\20260901_215642_514621 - Copy (2).jpg,kaleng,real
dataset\kaleng\20260901_215642_514621 - Copy - Copy.jpg,kaleng,real
dataset\kaleng\20260901_215642_514621 - Copy.jpg,kaleng,real
dataset\kaleng\20260901_215642_514621.jpg,kaleng,real
dataset\kaleng\20260901_215645_341428 - Copy (2).jpg,kaleng,real
dataset\kaleng\20260901_215645_341428 - Copy - Copy.jpg,kaleng,real
dataset\kaleng\20260901_215645_341428 - Copy.jpg,kaleng,real
dataset\kaleng\20260901_215645_341428.jpg,kaleng,real
dataset\kaleng\20260901_215650_106738 - Copy (2).jpg,kaleng,real
dataset\kaleng\20260901_215650_106738 - Copy - Copy.jpg,kaleng,real
dataset\kaleng\20260901_215650_106738 - Copy.jpg,kaleng,real
dataset\kaleng\20260901_215650_106738.jpg,kaleng,real
dataset\kaleng\20260901_215653_253856 - Copy (2).jpg,kaleng,real
dataset\kaleng\20260901_215653_253856 - Copy - Copy.jpg,kaleng,real
dataset\kaleng\20260901_215653_253856 - Copy.jpg,kaleng,real
dataset\kaleng\20260901_215653_253856.jpg,kaleng,real
dataset\kaleng\20260901_215657_110518 - Copy (2).jpg,kaleng,real
dataset\kaleng\20260901_215657_110518 - Copy - Copy.jpg,kaleng,real
dataset\kaleng\20260901_215657_110518 - Copy.jpg,kaleng,real
dataset\kaleng\20260901_215657_110518.jpg,kaleng,real
dataset\kaleng\20260901_215701_367794 - Copy (2).jpg,kaleng,real
dataset\kaleng\20260901_215701_367794 - Copy - Copy.jpg,kaleng,real
dataset\kaleng\20260901_215701_367794 - Copy.jpg,kaleng,real
dataset\kaleng\20260901_215701_367794.jpg,kaleng,real
dataset\kaleng\20260901_215707_726801 - Copy (2).jpg,kaleng,real
dataset\kaleng\20260901_215707_726801 - Copy - Copy.jpg,kaleng,real
dataset\kaleng\20260901_215707_726801 - Copy.jpg,kaleng,real
dataset\kaleng\20260901_215707_726801.jpg,kaleng,real
dataset\kaleng\20260901_215713_641825 - Copy (2).jpg,kaleng,real
dataset\kaleng\20260901_215713_641825 - Copy - Copy.jpg,kaleng,real
dataset\kaleng\20260901_215713_641825 - Copy.jpg,kaleng,real
dataset\kaleng\20260901_215713_641825.jpg,kaleng,real
dataset\kaleng\20260901_215718_350472 - Copy (2).jpg,kaleng,real
dataset\kaleng\20260901_215718_350472 - Copy - Copy.jpg,kaleng,real
dataset\kaleng\20260901_215718_350472 - Copy.jpg,kaleng,real
dataset\kaleng\20260901_215718_350472.jpg,kaleng,real
dataset\kaleng\20260901_215724_979231 - Copy (2).jpg,kaleng,real
dataset\kaleng\20260901_215724_979231 - Copy - Copy.jpg,kaleng,real
dataset\kaleng\20260901_215724_979231 - Copy.jpg,kaleng,real
dataset\kaleng\20260901_215724_979231.jpg,kaleng,real
dataset\kaleng\20260901_215737_308293_plastik_0.60 - Copy (2).jpg,kaleng,real
dataset\kaleng\20260901_215737_308293_plastik_0.60 - Copy - Copy.jpg,kaleng,real
dataset\kaleng\20260901_215737_308293_plastik_0.60 - Copy.jpg,kaleng,real
dataset\kaleng\20260901_215737_308293_plastik_0.60.jpg,kaleng,real
dataset\kaleng\20260901_215742_572894 - Copy (2).jpg,kaleng,real
dataset\kaleng\20260901_215742_572894 - Copy - Copy.jpg,kaleng,real
dataset\kaleng\20260901_215742_572894 - Copy.jpg,kaleng,real
dataset\kaleng\20260901_215742_572894.jpg,kaleng,real
dataset\kaleng\20260901_215755_670131 - Copy (2).jpg,kaleng,real
dataset\kaleng\20260901_215755_670131 - Copy - Copy.jpg,kaleng,real
dataset\kaleng\20260901_215755_670131 - Copy.jpg,kaleng,real
dataset\kaleng\20260901_215755_670131.jpg,kaleng,real
dataset\kaleng\20260901_215801_761807 - Copy (2).jpg,kaleng,real
dataset\kaleng\20260901_215801_761807 - Copy - Copy.jpg,kaleng,real
dataset\kaleng\20260901_215801_761807 - Copy.jpg,kaleng,real
dataset\kaleng\20260901_215801_761807.jpg,kaleng,real
dataset\kaleng\20260901_215804_109696_plastik_0.55 - Copy (2).jpg,kaleng,real
dataset\kaleng\20260901_215804_109696_plastik_0.55 - Copy - Copy.jpg,kaleng,real
dataset\kaleng\20260901_215804_109696_plastik_0.55 - Copy.jpg,kaleng,real
dataset\kaleng\20260901_215804_109696_plastik_0.55.jpg,kaleng,real
dataset\kaleng\20260901_215806_874753_plastik_0.46 - Copy (2).jpg,kaleng,real
dataset\kaleng\20260901_215806_874753_plastik_0.46 - Copy - Copy.jpg,kaleng,real
dataset\kaleng\20260901_215806_874753_plastik_0.46 - Copy.jpg,kaleng,real
dataset\kaleng\20260901_215806_874753_plastik_0.46.jpg,kaleng,real
dataset\kaleng\20260901_215808_986207_plastik_0.45 - Copy (2).jpg,kaleng,real
dataset\kaleng\20260901_215808_986207_plastik_0.45 - Copy - Copy.jpg,kaleng,real
dataset\kaleng\20260901_215808_986207_plastik_0.45 - Copy.jpg,kaleng,real
dataset\kaleng\20260901_215808_986207_plastik_0.45.jpg,kaleng,real
dataset\kaleng\crop_20260827_125112_405989 - Copy.jpg,kaleng,real
dataset\kaleng\crop_20260827_125112_405989.jpg,kaleng,real
dataset\kaleng\crop_20260827_125129_033303 - Copy.jpg,kaleng,real
dataset\kaleng\crop_20260827_125129_033303.jpg,kaleng,real
dataset\kaleng\metal1.jpg,kaleng,trashnet
dataset\kaleng\metal10.jpg,kaleng,trashnet
dataset\kaleng\metal100.jpg,kaleng,trashnet
dataset\kaleng\metal101.jpg,kaleng,trashnet
dataset\kaleng\metal102.jpg,kaleng,trashnet
dataset\kaleng\metal103.jpg,kaleng,trashnet
dataset\kaleng\metal104.jpg,kaleng,trashnet
dataset\kaleng\metal105.jpg,kaleng,trashnet
dataset\kaleng\metal106.jpg,kaleng,trashnet
dataset\kaleng\metal107.jpg,kaleng,trashnet
dataset\kaleng\metal108.jpg,kaleng,trashnet
dataset\kaleng\metal109.jpg,kaleng,trashnet
dataset\kaleng\metal11.jpg,kaleng,trashnet
dataset\kaleng\metal110.jpg,kaleng,trashnet
dataset\kaleng\metal111.jpg,kaleng,trashnet
dataset\kaleng\metal112.jpg,kaleng,trashnet
dataset\kaleng\metal113.jpg,kaleng,trashnet
dataset\kaleng\metal114.jpg,kaleng,trashnet
dataset\kaleng\metal115.jpg,kaleng,trashnet
dataset\kaleng\metal116.jpg,kaleng,trashnet
dataset\kaleng\metal117.jpg,kaleng,trashnet
dataset\kaleng\metal118.jpg,kaleng,trashnet
dataset\kaleng\metal119.jpg,kaleng,trashnet
dataset\kaleng\metal12.jpg,kaleng,trashnet
dataset\kaleng\metal120.jpg,kaleng,trashnet
dataset\kaleng\metal121.jpg,kaleng,trashnet
dataset\kaleng\metal122.jpg,kaleng,trashnet
dataset\kaleng\metal123.jpg,kaleng,trashnet
dataset\kaleng\metal124.jpg,kaleng,trashnet
dataset\kaleng\metal125.jpg,kaleng,trashnet
dataset\kaleng\metal126.jpg,kaleng,trashnet
dataset\kaleng\metal127.jpg,kaleng,trashnet
dataset\kaleng\metal128.jpg,kaleng,trashnet
dataset\kaleng\metal129.jpg,kaleng,trashnet
dataset\kaleng\metal13.jpg,kaleng,trashnet
dataset\kaleng\metal130.jpg,kaleng,trashnet
dataset\kaleng\metal131.jpg,kaleng,trashnet
dataset\kaleng\metal132.jpg,kaleng,trashnet
dataset\kaleng\metal133.jpg,kaleng,trashnet
dataset\kaleng\metal134.jpg,kaleng,trashnet
dataset\kaleng\metal135.jpg,kaleng,trashnet
dataset\kaleng\metal136.jpg,kaleng,trashnet
dataset\kaleng\metal137.jpg,kaleng,trashnet
dataset\kaleng\metal138.jpg,kaleng,trashnet
dataset\kaleng\metal139.jpg,kaleng,trashnet
dataset\kaleng\metal14.jpg,kaleng,trashnet
dataset\kaleng\metal140.jpg,kaleng,trashnet
dataset\kaleng\metal141.jpg,kaleng,trashnet
dataset\kaleng\metal142.jpg,kaleng,trashnet
dataset\kaleng\metal143.jpg,kaleng,trashnet
dataset\kaleng\metal144.jpg,kaleng,trashnet
dataset\kaleng\metal145.jpg,kaleng,trashnet
dataset\kaleng\metal146.jpg,kaleng,trashnet
dataset\kaleng\metal147.jpg,kaleng,trashnet
dataset\kaleng\metal148.jpg,kaleng,trashnet
dataset\kaleng\metal149.jpg,kaleng,trashnet
dataset\kaleng\metal15.jpg,kaleng,trashnet
dataset\kaleng\metal150.jpg,kaleng,trashnet
dataset\kaleng\metal151.jpg,kaleng,trashnet
dataset\kaleng\metal152.jpg,kaleng,trashnet
dataset\kaleng\metal153.jpg,kaleng,trashnet
dataset\kaleng\metal154.jpg,kaleng,trashnet
dataset\kaleng\metal155.jpg,kaleng,trashnet
dataset\kaleng\metal156.jpg,kaleng,trashnet
dataset\kaleng\metal157.jpg,kaleng,trashnet
dataset\kaleng\metal158.jpg,kaleng,trashnet
dataset\kaleng\metal159.jpg,kaleng,trashnet
dataset\kaleng\metal16.jpg,kaleng,trashnet
dataset\kaleng\metal160.jpg,kaleng,trashnet
dataset\kaleng\metal161.jpg,kaleng,trashnet
dataset\kaleng\metal162.jpg,kaleng,trashnet
dataset\kaleng\metal163.jpg,kaleng,trashnet
dataset\kaleng\metal164.jpg,kaleng,trashnet
dataset\kaleng\metal165.jpg,kaleng,trashnet
dataset\kaleng\metal166.jpg,kaleng,trashnet
dataset\kaleng\metal167.jpg,kaleng,trashnet
dataset\kaleng\metal168.jpg,kaleng,trashnet
dataset\kaleng\metal169.jpg,kaleng,trashnet
dataset\kaleng\metal17.jpg,kaleng,trashnet
dataset\kaleng\metal170.jpg,kaleng,trashnet
dataset\kaleng\metal171.jpg,kaleng,trashnet
dataset\kaleng\metal172.jpg,kaleng,trashnet
dataset\kaleng\metal173.jpg,kaleng,trashnet
dataset\kaleng\metal174.jpg,kaleng,trashnet
dataset\kaleng\metal175.jpg,kaleng,trashnet
dataset\kaleng\metal176.jpg,kaleng,trashnet
dataset\kaleng\metal177.jpg,kaleng,trashnet
dataset\kaleng\metal178.jpg,kaleng,trashnet
dataset\kaleng\metal179.jpg,kaleng,trashnet
dataset\kaleng\metal18.jpg,kaleng,trashnet
dataset\kaleng\metal180.jpg,kaleng,trashnet
dataset\kaleng\metal181.jpg,kaleng,trashnet
dataset\kaleng\metal182.jpg,kaleng,trashnet
dataset\kaleng\metal183.jpg,kaleng,trashnet
dataset\kaleng\metal184.jpg,kaleng,trashnet
dataset\kaleng\metal185.jpg,kaleng,trashnet
dataset\kaleng\metal186.jpg,kaleng,trashnet
dataset\kaleng\metal187.jpg,kaleng,trashnet
dataset\kaleng\metal188.jpg,kaleng,trashnet
dataset\kaleng\metal189.jpg,kaleng,trashnet
dataset\kaleng\metal19.jpg,kaleng,trashnet
dataset\kaleng\metal190.jpg,kaleng,trashnet
dataset\kaleng\metal191.jpg,kaleng,trashnet
dataset\kaleng\metal192.jpg,kaleng,trashnet
dataset\kaleng\metal193.jpg,kaleng,trashnet
dataset\kaleng\metal194.jpg,kaleng,trashnet
dataset\kaleng\metal195.jpg,kaleng,trashnet
dataset\kaleng\metal196.jpg,kaleng,trashnet
dataset\kaleng\metal197.jpg,kaleng,trashnet
dataset\kaleng\metal198.jpg,kaleng,trashnet
dataset\kaleng\metal199.jpg,kaleng,trashnet
dataset\kaleng\metal2.jpg,kaleng,trashnet
dataset\kaleng\metal20.jpg,kaleng,trashnet
dataset\kaleng\metal200.jpg,kaleng,trashnet
dataset\kaleng\metal201.jpg,kaleng,trashnet
dataset\kaleng\metal202.jpg,kaleng,trashnet
dataset\kaleng\metal203.jpg,kaleng,trashnet
dataset\kaleng\metal204.jpg,kaleng,trashnet
dataset\kaleng\metal205.jpg,kaleng,trashnet
dataset\kaleng\metal206.jpg,kaleng,trashnet
dataset\kaleng\metal207.jpg,kaleng,trashnet
dataset\kaleng\metal208.jpg,kaleng,trashnet
dataset\kaleng\metal209.jpg,kaleng,trashnet
dataset\kaleng\metal21.jpg,kaleng,trashnet
dataset\kaleng\metal210.jpg,kaleng,trashnet
dataset\kaleng\metal211.jpg,kaleng,trashnet
dataset\kaleng\metal212.jpg,kaleng,trashnet
dataset\kaleng\metal213.jpg,kaleng,trashnet
dataset\kaleng\metal214.jpg,kaleng,trashnet
dataset\kaleng\metal215.jpg,kaleng,trashnet
dataset\kaleng\metal216.jpg,kaleng,trashnet
dataset\kaleng\metal217.jpg,kaleng,trashnet
dataset\kaleng\metal218.jpg,kaleng,trashnet
dataset\kaleng\metal219.jpg,kaleng,trashnet
dataset\kaleng\metal22.jpg,kaleng,trashnet
dataset\kaleng\metal220.jpg,kaleng,trashnet
dataset\kaleng\metal221.jpg,kaleng,trashnet
dataset\kaleng\metal222.jpg,kaleng,trashnet
dataset\kaleng\metal223.jpg,kaleng,trashnet
dataset\kaleng\metal224.jpg,kaleng,trashnet
dataset\kaleng\metal225.jpg,kaleng,trashnet
dataset\kaleng\metal226.jpg,kaleng,trashnet
dataset\kaleng\metal227.jpg,kaleng,trashnet
dataset\kaleng\metal228.jpg,kaleng,trashnet
dataset\kaleng\metal229.jpg,kaleng,trashnet
dataset\kaleng\metal23.jpg,kaleng,trashnet
dataset\kaleng\metal230.jpg,kaleng,trashnet
dataset\kaleng\metal231.jpg,kaleng,trashnet
dataset\kaleng\metal232.jpg,kaleng,trashnet
dataset\kaleng\metal233.jpg,kaleng,trashnet
dataset\kaleng\metal234.jpg,kaleng,trashnet
dataset\kaleng\metal235.jpg,kaleng,trashnet
dataset\kaleng\metal236.jpg,kaleng,trashnet
dataset\kaleng\metal237.jpg,kaleng,trashnet
dataset\kaleng\metal238.jpg,kaleng,trashnet
dataset\kaleng\metal239.jpg,kaleng,trashnet
dataset\kaleng\metal24.jpg,kaleng,trashnet
dataset\kaleng\metal240.jpg,kaleng,trashnet
dataset\kaleng\metal241.jpg,kaleng,trashnet
dataset\kaleng\metal242.jpg,kaleng,trashnet
dataset\kaleng\metal243.jpg,kaleng,trashnet
dataset\kaleng\metal244.jpg,kaleng,trashnet
dataset\kaleng\metal245.jpg,kaleng,trashnet
dataset\kaleng\metal246.jpg,kaleng,trashnet
dataset\kaleng\metal247.jpg,kaleng,trashnet
dataset\kaleng\metal248.jpg,kaleng,trashnet
dataset\kaleng\metal249.jpg,kaleng,trashnet
dataset\kaleng\metal25.jpg,kaleng,trashnet
dataset\kaleng\metal250.jpg,kaleng,trashnet
dataset\kaleng\metal251.jpg,kaleng,trashnet
dataset\kaleng\metal252.jpg,kaleng,trashnet
dataset\kaleng\metal253.jpg,kaleng,trashnet
dataset\kaleng\metal254.jpg,kaleng,trashnet
dataset\kaleng\metal255.jpg,kaleng,trashnet
dataset\kaleng\metal256.jpg,kaleng,trashnet
dataset\kaleng\metal257.jpg,kaleng,trashnet
dataset\kaleng\metal258.jpg,kaleng,trashnet
dataset\kaleng\metal259.jpg,kaleng,trashnet
dataset\kaleng\metal26.jpg,kaleng,trashnet
dataset\kaleng\metal260.jpg,kaleng,trashnet
dataset\kaleng\metal261.jpg,kaleng,trashnet
dataset\kaleng\metal262.jpg,kaleng,trashnet
dataset\kaleng\metal263.jpg,kaleng,trashnet
dataset\kaleng\metal264.jpg,kaleng,trashnet
dataset\kaleng\metal265.jpg,kaleng,trashnet
dataset\kaleng\metal266.jpg,kaleng,trashnet
dataset\kaleng\metal267.jpg,kaleng,trashnet
dataset\kaleng\metal268.jpg,kaleng,trashnet
dataset\kaleng\metal269.jpg,kaleng,trashnet
dataset\kaleng\metal27.jpg,kaleng,trashnet
dataset\kaleng\metal270.jpg,kaleng,trashnet
dataset\kaleng\metal271.jpg,kaleng,trashnet
dataset\kaleng\metal272.jpg,kaleng,trashnet
dataset\kaleng\metal273.jpg,kaleng,trashnet
dataset\kaleng\metal274.jpg,kaleng,trashnet
dataset\kaleng\metal275.jpg,kaleng,trashnet
dataset\kaleng\metal276.jpg,kaleng,trashnet
dataset\kaleng\metal277.jpg,kaleng,trashnet
dataset\kaleng\metal278.jpg,kaleng,trashnet
dataset\kaleng\metal279.jpg,kaleng,trashnet
dataset\kaleng\metal28.jpg,kaleng,trashnet
dataset\kaleng\metal280.jpg,kaleng,trashnet
dataset\kaleng\metal281.jpg,kaleng,trashnet
dataset\kaleng\metal282.jpg,kaleng,trashnet
dataset\kaleng\metal283.jpg,kaleng,trashnet
dataset\kaleng\metal284.jpg,kaleng,trashnet
dataset\kaleng\metal285.jpg,kaleng,trashnet
dataset\kaleng\metal286.jpg,kaleng,trashnet
dataset\kaleng\metal287.jpg,kaleng,trashnet
dataset\kaleng\metal288.jpg,kaleng,trashnet
dataset\kaleng\metal289.jpg,kaleng,trashnet
dataset\kaleng\metal29.jpg,kaleng,trashnet
dataset\kaleng\metal290.jpg,kaleng,trashnet
dataset\kaleng\metal291.jpg,kaleng,trashnet
dataset\kaleng\metal292.jpg,kaleng,trashnet
dataset\kaleng\metal293.jpg,kaleng,trashnet
dataset\kaleng\metal294.jpg,kaleng,trashnet
dataset\kaleng\metal295.jpg,kaleng,trashnet
dataset\kaleng\metal296.jpg,kaleng,trashnet
dataset\kaleng\metal297.jpg,kaleng,trashnet
dataset\kaleng\metal298.jpg,kaleng,trashnet
dataset\kaleng\metal299.jpg,kaleng,trashnet
dataset\kaleng\metal3.jpg,kaleng,trashnet
dataset\kaleng\metal30.jpg,kaleng,trashnet
dataset\kaleng\metal300.jpg,kaleng,trashnet
dataset\kaleng\metal301.jpg,kaleng,trashnet
dataset\kaleng\metal302.jpg,kaleng,trashnet
dataset\kaleng\metal303.jpg,kaleng,trashnet
dataset\kaleng\metal304.jpg,kaleng,trashnet
dataset\kaleng\metal305.jpg,kaleng,trashnet
dataset\kaleng\metal306.jpg,kaleng,trashnet
dataset\kaleng\metal307.jpg,kaleng,trashnet
dataset\kaleng\metal308.jpg,kaleng,trashnet
dataset\kaleng\metal309.jpg,kaleng,trashnet
dataset\kaleng\metal31.jpg,kaleng,trashnet
dataset\kaleng\metal310.jpg,kaleng,trashnet
dataset\kaleng\metal311.jpg,kaleng,trashnet
dataset\kaleng\metal312.jpg,kaleng,trashnet
dataset\kaleng\metal313.jpg,kaleng,trashnet
dataset\kaleng\metal314.jpg,kaleng,trashnet
dataset\kaleng\metal315.jpg,kaleng,trashnet
dataset\kaleng\metal316.jpg,kaleng,trashnet
dataset\kaleng\metal317.jpg,kaleng,trashnet
dataset\kaleng\metal318.jpg,kaleng,trashnet
dataset\kaleng\metal319.jpg,kaleng,trashnet
dataset\kaleng\metal32.jpg,kaleng,trashnet
dataset\kaleng\metal320.jpg,kaleng,trashnet
dataset\kaleng\metal321.jpg,kaleng,trashnet
dataset\kaleng\metal322.jpg,kaleng,trashnet
dataset\kaleng\metal323.jpg,kaleng,trashnet
dataset\kaleng\metal324.jpg,kaleng,trashnet
dataset\kaleng\metal325.jpg,kaleng,trashnet
dataset\kaleng\metal326.jpg,kaleng,trashnet
dataset\kaleng\metal327.jpg,kaleng,trashnet
dataset\kaleng\metal328.jpg,kaleng,trashnet
dataset\kaleng\metal329.jpg,kaleng,trashnet
dataset\kaleng\metal33.jpg,kaleng,trashnet
dataset\kaleng\metal330.jpg,kaleng,trashnet
dataset\kaleng\metal331.jpg,kaleng,trashnet
dataset\kaleng\metal332.jpg,kaleng,trashnet
dataset\kaleng\metal333.jpg,kaleng,trashnet
dataset\kaleng\metal334.jpg,kaleng,trashnet
dataset\kaleng\metal335.jpg,kaleng,trashnet
dataset\kaleng\metal336.jpg,kaleng,trashnet
dataset\kaleng\metal337.jpg,kaleng,trashnet
dataset\kaleng\metal338.jpg,kaleng,trashnet
dataset\kaleng\metal339.jpg,kaleng,trashnet
dataset\kaleng\metal34.jpg,kaleng,trashnet
dataset\kaleng\metal340.jpg,kaleng,trashnet
dataset\kaleng\metal341.jpg,kaleng,trashnet
dataset\kaleng\metal342.jpg,kaleng,trashnet
dataset\kaleng\metal343.jpg,kaleng,trashnet
dataset\kaleng\metal344.jpg,kaleng,trashnet
dataset\kaleng\metal345.jpg,kaleng,trashnet
dataset\kaleng\metal346.jpg,kaleng,trashnet
dataset\kaleng\metal347.jpg,kaleng,trashnet
dataset\kaleng\metal348.jpg,kaleng,trashnet
dataset\kaleng\metal349.jpg,kaleng,trashnet
dataset\kaleng\metal35.jpg,kaleng,trashnet
dataset\kaleng\metal350.jpg,kaleng,trashnet
dataset\kaleng\metal351.jpg,kaleng,trashnet
dataset\kaleng\metal352.jpg,kaleng,trashnet
dataset\kaleng\metal353.jpg,kaleng,trashnet
dataset\kaleng\metal354.jpg,kaleng,trashnet
dataset\kaleng\metal355.jpg,kaleng,trashnet
dataset\kaleng\metal356.jpg,kaleng,trashnet
dataset\kaleng\metal357.jpg,kaleng,trashnet
dataset\kaleng\metal358.jpg,kaleng,trashnet
dataset\kaleng\metal359.jpg,kaleng,trashnet
dataset\kaleng\metal36.jpg,kaleng,trashnet
dataset\kaleng\metal360.jpg,kaleng,trashnet
dataset\kaleng\metal361.jpg,kaleng,trashnet
dataset\kaleng\metal362.jpg,kaleng,trashnet
dataset\kaleng\metal363.jpg,kaleng,trashnet
dataset\kaleng\metal364.jpg,kaleng,trashnet
dataset\kaleng\metal365.jpg,kaleng,trashnet
dataset\kaleng\metal366.jpg,kaleng,trashnet
dataset\kaleng\metal367.jpg,kaleng,trashnet
dataset\kaleng\metal368.jpg,kaleng,trashnet
dataset\kaleng\metal369.jpg,kaleng,trashnet
dataset\kaleng\metal37.jpg,kaleng,trashnet
dataset\kaleng\metal370.jpg,kaleng,trashnet
dataset\kaleng\metal371.jpg,kaleng,trashnet
dataset\kaleng\metal372.jpg,kaleng,trashnet
dataset\kaleng\metal373.jpg,kaleng,trashnet
dataset\kaleng\metal374.jpg,kaleng,trashnet
dataset\kaleng\metal375.jpg,kaleng,trashnet
dataset\kaleng\metal376.jpg,kaleng,trashnet
dataset\kaleng\metal377.jpg,kaleng,trashnet
dataset\kaleng\metal378.jpg,kaleng,trashnet
dataset\kaleng\metal379.jpg,kaleng,trashnet
dataset\kaleng\metal38.jpg,kaleng,trashnet
dataset\kaleng\metal380.jpg,kaleng,trashnet
dataset\kaleng\metal381.jpg,kaleng,trashnet
dataset\kaleng\metal382.jpg,kaleng,trashnet
dataset\kaleng\metal383.jpg,kaleng,trashnet
dataset\kaleng\metal384.jpg,kaleng,trashnet
dataset\kaleng\metal385.jpg,kaleng,trashnet
dataset\kaleng\metal386.jpg,kaleng,trashnet
dataset\kaleng\metal387.jpg,kaleng,trashnet
dataset\kaleng\metal388.jpg,kaleng,trashnet
dataset\kaleng\metal389.jpg,kaleng,trashnet
dataset\kaleng\metal39.jpg,kaleng,trashnet
dataset\kaleng\metal390.jpg,kaleng,trashnet
dataset\kaleng\metal391.jpg,kaleng,trashnet
dataset\kaleng\metal392.jpg,kaleng,trashnet
dataset\kaleng\metal393.jpg,kaleng,trashnet
dataset\kaleng\metal394.jpg,kaleng,trashnet
dataset\kaleng\metal395.jpg,kaleng,trashnet
dataset\kaleng\metal396.jpg,kaleng,trashnet
dataset\kaleng\metal397.jpg,kaleng,trashnet
dataset\kaleng\metal398.jpg,kaleng,trashnet
dataset\kaleng\metal399.jpg,kaleng,trashnet
dataset\kaleng\metal4.jpg,kaleng,trashnet
dataset\kaleng\metal40.jpg,kaleng,trashnet
dataset\kaleng\metal400.jpg,kaleng,trashnet
dataset\kaleng\metal401.jpg,kaleng,trashnet
dataset\kaleng\metal402.jpg,kaleng,trashnet
dataset\kaleng\metal403.jpg,kaleng,trashnet
dataset\kaleng\metal404.jpg,kaleng,trashnet
dataset\kaleng\metal405.jpg,kaleng,trashnet
dataset\kaleng\metal406.jpg,kaleng,trashnet
dataset\kaleng\metal407.jpg,kaleng,trashnet
dataset\kaleng\metal408.jpg,kaleng,trashnet
dataset\kaleng\metal409.jpg,kaleng,trashnet
dataset\kaleng\metal41.jpg,kaleng,trashnet
dataset\kaleng\metal410.jpg,kaleng,trashnet
dataset\kaleng\metal42.jpg,kaleng,trashnet
dataset\kaleng\metal43.jpg,kaleng,trashnet
dataset\kaleng\metal44.jpg,kaleng,trashnet
dataset\kaleng\metal45.jpg,kaleng,trashnet
dataset\kaleng\metal46.jpg,kaleng,trashnet
dataset\kaleng\metal47.jpg,kaleng,trashnet
dataset\kaleng\metal48.jpg,kaleng,trashnet
dataset\kaleng\metal49.jpg,kaleng,trashnet
dataset\kaleng\metal5.jpg,kaleng,trashnet
dataset\kaleng\metal50.jpg,kaleng,trashnet
dataset\kaleng\metal51.jpg,kaleng,trashnet
dataset\kaleng\metal52.jpg,kaleng,trashnet
dataset\kaleng\metal53.jpg,kaleng,trashnet
dataset\kaleng\metal54.jpg,kaleng,trashnet
dataset\kaleng\metal55.jpg,kaleng,trashnet
dataset\kaleng\metal56.jpg,kaleng,trashnet
dataset\kaleng\metal57.jpg,kaleng,trashnet
dataset\kaleng\metal58.jpg,kaleng,trashnet
dataset\kaleng\metal59.jpg,kaleng,trashnet
dataset\kaleng\metal6.jpg,kaleng,trashnet
dataset\kaleng\metal60.jpg,kaleng,trashnet
dataset\kaleng\metal61.jpg,kaleng,trashnet
dataset\kaleng\metal62.jpg,kaleng,trashnet
dataset\kaleng\metal63.jpg,kaleng,trashnet
dataset\kaleng\metal64.jpg,kaleng,trashnet
dataset\kaleng\metal65.jpg,kaleng,trashnet
dataset\kaleng\metal66.jpg,kaleng,trashnet
dataset\kaleng\metal67.jpg,kaleng,trashnet
dataset\kaleng\metal68.jpg,kaleng,trashnet
dataset\kaleng\metal69.jpg,kaleng,trashnet
dataset\kaleng\metal7.jpg,kaleng,trashnet
dataset\kaleng\metal70.jpg,kaleng,trashnet
dataset\kaleng\metal71.jpg,kaleng,trashnet
dataset\kaleng\metal72.jpg,kaleng,trashnet
dataset\kaleng\metal73.jpg,kaleng,trashnet
dataset\kaleng\metal74.jpg,kaleng,trashnet
dataset\kaleng\metal75.jpg,kaleng,trashnet
dataset\kaleng\metal76.jpg,kaleng,trashnet
dataset\kaleng\metal77.jpg,kaleng,trashnet
dataset\kaleng\metal78.jpg,kaleng,trashnet
dataset\kaleng\metal79.jpg,kaleng,trashnet
dataset\kaleng\metal8.jpg,kaleng,trashnet
dataset\kaleng\metal80.jpg,kaleng,trashnet
dataset\kaleng\metal81.jpg,kaleng,trashnet
dataset\kaleng\metal82.jpg,kaleng,trashnet
dataset\kaleng\metal83.jpg,kaleng,trashnet
dataset\kaleng\metal84.jpg,kaleng,trashnet
dataset\kaleng\metal85.jpg,kaleng,trashnet
dataset\kaleng\metal86.jpg,kaleng,trashnet
dataset\kaleng\metal87.jpg,kaleng,trashnet
dataset\kaleng\metal88.jpg,kaleng,trashnet
dataset\kaleng\metal89.jpg,kaleng,trashnet
dataset\kaleng\metal9.jpg,kaleng,trashnet
dataset\kaleng\metal90.jpg,kaleng,trashnet
dataset\kaleng\metal91.jpg,kaleng,trashnet
dataset\kaleng\metal92.jpg,kaleng,trashnet
dataset\kaleng\metal93.jpg,kaleng,trashnet
dataset\kaleng\metal94.jpg,kaleng,trashnet
dataset\kaleng\metal95.jpg,kaleng,trashnet
dataset\kaleng\metal96.jpg,kaleng,trashnet
dataset\kaleng\metal97.jpg,kaleng,trashnet
dataset\kaleng\metal98.jpg,kaleng,trashnet
dataset\kaleng\metal99.jpg,kaleng,trashnet
dataset\kaleng\stuck_20260827_181335_298949_plastik_0.58.jpg,kaleng,real
dataset\kertas\20260819_182532_498732.jpg,kertas,real
dataset\kertas\20260819_182550_971731.jpg,kertas,real
dataset\kertas\20260819_183008_742213.jpg,kertas,real
dataset\kertas\20260819_183021_819090.jpg,kertas,real
dataset\kertas\20260827_180458_441380.jpg,kertas,real
dataset\kertas\20260827_181151_183974.jpg,kertas,real
dataset\kertas\20260827_181158_381304.jpg,kertas,real
dataset\kertas\20260827_181756_639910.jpg,kertas,real
dataset\kertas\20260827_203637_907728_daun_0.51.jpg,kertas,real
dataset\kertas\20260827_203654_378483.jpg,kertas,real
dataset\kertas\20260827_203806_502176.jpg,kertas,real
dataset\kertas\20260827_203821_720696.jpg,kertas,real
dataset\kertas\20260828_084805_087922.jpg,kertas,real
dataset\kertas\20260828_085043_954873.jpg,kertas,real
dataset\kertas\20260828_111504_082841.jpg,kertas,real
dataset\kertas\20260828_111528_515192.jpg,kertas,real
dataset\kertas\20260828_111623_047707.jpg,kertas,real
dataset\kertas\20260829_004327_733030.jpg,kertas,real
dataset\kertas\20260829_004333_164268.jpg,kertas,real
dataset\kertas\20260829_004357_033232.jpg,kertas,real
dataset\kertas\20260829_004425_645918.jpg,kertas,real
dataset\kertas\20260901_132512_711314.jpg,kertas,real
dataset\kertas\20260901_132620_721500.jpg,kertas,real
dataset\kertas\20260901_133120_841378.jpg,kertas,real
dataset\kertas\20260901_133850_580752.jpg,kertas,real
dataset\kertas\20260901_133853_084067.jpg,kertas,real
dataset\kertas\20260901_143412_693803.jpg,kertas,real
dataset\kertas\20260901_173428_926661.jpg,kertas,real
dataset\kertas\20260901_173856_172369.jpg,kertas,real
dataset\kertas\20260901_173907_843353.jpg,kertas,real
dataset\kertas\20260901_203106_523939.jpg,kertas,real
dataset\kertas\20260901_203324_572720.jpg,kertas,real
dataset\kertas\20260901_203419_887458.jpg,kertas,real
dataset\kertas\cardboard1.jpg,kertas,trashnet
dataset\kertas\cardboard10.jpg,kertas,trashnet
dataset\kertas\cardboard100.jpg,kertas,trashnet
dataset\kertas\cardboard101.jpg,kertas,trashnet
dataset\kertas\cardboard102.jpg,kertas,trashnet
dataset\kertas\cardboard103.jpg,kertas,trashnet
dataset\kertas\cardboard104.jpg,kertas,trashnet
dataset\kertas\cardboard105.jpg,kertas,trashnet
dataset\kertas\cardboard106.jpg,kertas,trashnet
dataset\kertas\cardboard107.jpg,kertas,trashnet
dataset\kertas\cardboard108.jpg,kertas,trashnet
dataset\kertas\cardboard109.jpg,kertas,trashnet
dataset\kertas\cardboard11.jpg,kertas,trashnet
dataset\kertas\cardboard110.jpg,kertas,trashnet
dataset\kertas\cardboard111.jpg,kertas,trashnet
dataset\kertas\cardboard112.jpg,kertas,trashnet
dataset\kertas\cardboard113.jpg,kertas,trashnet
dataset\kertas\cardboard114.jpg,kertas,trashnet
dataset\kertas\cardboard115.jpg,kertas,trashnet
dataset\kertas\cardboard116.jpg,kertas,trashnet
dataset\kertas\cardboard117.jpg,kertas,trashnet
dataset\kertas\cardboard118.jpg,kertas,trashnet
dataset\kertas\cardboard119.jpg,kertas,trashnet
dataset\kertas\cardboard12.jpg,kertas,trashnet
dataset\kertas\cardboard120.jpg,kertas,trashnet
dataset\kertas\cardboard121.jpg,kertas,trashnet
dataset\kertas\cardboard122.jpg,kertas,trashnet
dataset\kertas\cardboard123.jpg,kertas,trashnet
dataset\kertas\cardboard124.jpg,kertas,trashnet
dataset\kertas\cardboard125.jpg,kertas,trashnet
dataset\kertas\cardboard126.jpg,kertas,trashnet
dataset\kertas\cardboard127.jpg,kertas,trashnet
dataset\kertas\cardboard128.jpg,kertas,trashnet
dataset\kertas\cardboard129.jpg,kertas,trashnet
dataset\kertas\cardboard13.jpg,kertas,trashnet
dataset\kertas\cardboard130.jpg,kertas,trashnet
dataset\kertas\cardboard131.jpg,kertas,trashnet
dataset\kertas\cardboard132.jpg,kertas,trashnet
dataset\kertas\cardboard133.jpg,kertas,trashnet
dataset\kertas\cardboard134.jpg,kertas,trashnet
dataset\kertas\cardboard135.jpg,kertas,trashnet
dataset\kertas\cardboard136.jpg,kertas,trashnet
dataset\kertas\cardboard137.jpg,kertas,trashnet
dataset\kertas\cardboard138.jpg,kertas,trashnet
dataset\kertas\cardboard139.jpg,kertas,trashnet
dataset\kertas\cardboard14.jpg,kertas,trashnet
dataset\kertas\cardboard140.jpg,kertas,trashnet
dataset\kertas\cardboard141.jpg,kertas,trashnet
dataset\kertas\cardboard142.jpg,kertas,trashnet
dataset\kertas\cardboard143.jpg,kertas,trashnet
dataset\kertas\cardboard144.jpg,kertas,trashnet
dataset\kertas\cardboard145.jpg,kertas,trashnet
dataset\kertas\cardboard146.jpg,kertas,trashnet
dataset\kertas\cardboard147.jpg,kertas,trashnet
dataset\kertas\cardboard148.jpg,kertas,trashnet
dataset\kertas\cardboard149.jpg,kertas,trashnet
dataset\kertas\cardboard15.jpg,kertas,trashnet
dataset\kertas\cardboard150.jpg,kertas,trashnet
dataset\kertas\cardboard151.jpg,kertas,trashnet
dataset\kertas\cardboard152.jpg,kertas,trashnet
dataset\kertas\cardboard153.jpg,kertas,trashnet
dataset\kertas\cardboard154.jpg,kertas,trashnet
dataset\kertas\cardboard155.jpg,kertas,trashnet
dataset\kertas\cardboard156.jpg,kertas,trashnet
dataset\kertas\cardboard157.jpg,kertas,trashnet
dataset\kertas\cardboard158.jpg,kertas,trashnet
dataset\kertas\cardboard159.jpg,kertas,trashnet
dataset\kertas\cardboard16.jpg,kertas,trashnet
dataset\kertas\cardboard160.jpg,kertas,trashnet
dataset\kertas\cardboard161.jpg,kertas,trashnet
dataset\kertas\cardboard162.jpg,kertas,trashnet
dataset\kertas\cardboard163.jpg,kertas,trashnet
dataset\kertas\cardboard164.jpg,kertas,trashnet
dataset\kertas\cardboard165.jpg,kertas,trashnet
dataset\kertas\cardboard166.jpg,kertas,trashnet
dataset\kertas\cardboard167.jpg,kertas,trashnet
dataset\kertas\cardboard168.jpg,kertas,trashnet
dataset\kertas\cardboard169.jpg,kertas,trashnet
dataset\kertas\cardboard17.jpg,kertas,trashnet
dataset\kertas\cardboard170.jpg,kertas,trashnet
dataset\kertas\cardboard171.jpg,kertas,trashnet
dataset\kertas\cardboard172.jpg,kertas,trashnet
dataset\kertas\cardboard173.jpg,kertas,trashnet
dataset\kertas\cardboard174.jpg,kertas,trashnet
dataset\kertas\cardboard175.jpg,kertas,trashnet
dataset\kertas\cardboard176.jpg,kertas,trashnet
dataset\kertas\cardboard177.jpg,kertas,trashnet
dataset\kertas\cardboard178.jpg,kertas,trashnet
dataset\kertas\cardboard179.jpg,kertas,trashnet
dataset\kertas\cardboard18.jpg,kertas,trashnet
dataset\kertas\cardboard180.jpg,kertas,trashnet
dataset\kertas\cardboard181.jpg,kertas,trashnet
dataset\kertas\cardboard182.jpg,kertas,trashnet
dataset\kertas\cardboard183.jpg,kertas,trashnet
dataset\kertas\cardboard184.jpg,kertas,trashnet
dataset\kertas\cardboard185.jpg,kertas,trashnet
dataset\kertas\cardboard186.jpg,kertas,trashnet
dataset\kertas\cardboard187.jpg,kertas,trashnet
dataset\kertas\cardboard188.jpg,kertas,trashnet
dataset\kertas\cardboard189.jpg,kertas,trashnet
dataset\kertas\cardboard19.jpg,kertas,trashnet
dataset\kertas\cardboard190.jpg,kertas,trashnet
dataset\kertas\cardboard191.jpg,kertas,trashnet
dataset\kertas\cardboard192.jpg,kertas,trashnet
dataset\kertas\cardboard193.jpg,kertas,trashnet
dataset\kertas\cardboard194.jpg,kertas,trashnet
dataset\kertas\cardboard195.jpg,kertas,trashnet
dataset\kertas\cardboard196.jpg,kertas,trashnet
dataset\kertas\cardboard197.jpg,kertas,trashnet
dataset\kertas\cardboard198.jpg,kertas,trashnet
dataset\kertas\cardboard199.jpg,kertas,trashnet
dataset\kertas\cardboard2.jpg,kertas,trashnet
dataset\kertas\cardboard20.jpg,kertas,trashnet
dataset\kertas\cardboard200.jpg,kertas,trashnet
dataset\kertas\cardboard201.jpg,kertas,trashnet
dataset\kertas\cardboard202.jpg,kertas,trashnet
dataset\kertas\cardboard203.jpg,kertas,trashnet
dataset\kertas\cardboard204.jpg,kertas,trashnet
dataset\kertas\cardboard205.jpg,kertas,trashnet
dataset\kertas\cardboard206.jpg,kertas,trashnet
dataset\kertas\cardboard207.jpg,kertas,trashnet
dataset\kertas\cardboard208.jpg,kertas,trashnet
dataset\kertas\cardboard209.jpg,kertas,trashnet
dataset\kertas\cardboard21.jpg,kertas,trashnet
dataset\kertas\cardboard210.jpg,kertas,trashnet
dataset\kertas\cardboard211.jpg,kertas,trashnet
dataset\kertas\cardboard212.jpg,kertas,trashnet
dataset\kertas\cardboard213.jpg,kertas,trashnet
dataset\kertas\cardboard214.jpg,kertas,trashnet
dataset\kertas\cardboard215.jpg,kertas,trashnet
dataset\kertas\cardboard216.jpg,kertas,trashnet
dataset\kertas\cardboard217.jpg,kertas,trashnet
dataset\kertas\cardboard218.jpg,kertas,trashnet
dataset\kertas\cardboard219.jpg,kertas,trashnet
dataset\kertas\cardboard22.jpg,kertas,trashnet
dataset\kertas\cardboard220.jpg,kertas,trashnet
dataset\kertas\cardboard221.jpg,kertas,trashnet
dataset\kertas\cardboard222.jpg,kertas,trashnet
dataset\kertas\cardboard223.jpg,kertas,trashnet
dataset\kertas\cardboard224.jpg,kertas,trashnet
dataset\kertas\cardboard225.jpg,kertas,trashnet
dataset\kertas\cardboard226.jpg,kertas,trashnet
dataset\kertas\cardboard227.jpg,kertas,trashnet
dataset\kertas\cardboard228.jpg,kertas,trashnet
dataset\kertas\cardboard229.jpg,kertas,trashnet
dataset\kertas\cardboard23.jpg,kertas,trashnet
dataset\kertas\cardboard230.jpg,kertas,trashnet
dataset\kertas\cardboard231.jpg,kertas,trashnet
dataset\kertas\cardboard232.jpg,kertas,trashnet
dataset\kertas\cardboard233.jpg,kertas,trashnet
dataset\kertas\cardboard234.jpg,kertas,trashnet
dataset\kertas\cardboard235.jpg,kertas,trashnet
dataset\kertas\cardboard236.jpg,kertas,trashnet
dataset\kertas\cardboard237.jpg,kertas,trashnet
dataset\kertas\cardboard238.jpg,kertas,trashnet
dataset\kertas\cardboard239.jpg,kertas,trashnet
dataset\kertas\cardboard24.jpg,kertas,trashnet
dataset\kertas\cardboard240.jpg,kertas,trashnet
dataset\kertas\cardboard241.jpg,kertas,trashnet
dataset\kertas\cardboard242.jpg,kertas,trashnet
dataset\kertas\cardboard243.jpg,kertas,trashnet
dataset\kertas\cardboard244.jpg,kertas,trashnet
dataset\kertas\cardboard245.jpg,kertas,trashnet
dataset\kertas\cardboard246.jpg,kertas,trashnet
dataset\kertas\cardboard247.jpg,kertas,trashnet
dataset\kertas\cardboard248.jpg,kertas,trashnet
dataset\kertas\cardboard249.jpg,kertas,trashnet
dataset\kertas\cardboard25.jpg,kertas,trashnet
dataset\kertas\cardboard250.jpg,kertas,trashnet
dataset\kertas\cardboard251.jpg,kertas,trashnet
dataset\kertas\cardboard252.jpg,kertas,trashnet
dataset\kertas\cardboard253.jpg,kertas,trashnet
dataset\kertas\cardboard254.jpg,kertas,trashnet
dataset\kertas\cardboard255.jpg,kertas,trashnet
dataset\kertas\cardboard256.jpg,kertas,trashnet
dataset\kertas\cardboard257.jpg,kertas,trashnet
dataset\kertas\cardboard258.jpg,kertas,trashnet
dataset\kertas\cardboard259.jpg,kertas,trashnet
dataset\kertas\cardboard26.jpg,kertas,trashnet
dataset\kertas\cardboard260.jpg,kertas,trashnet
dataset\kertas\cardboard261.jpg,kertas,trashnet
dataset\kertas\cardboard262.jpg,kertas,trashnet
dataset\kertas\cardboard263.jpg,kertas,trashnet
dataset\kertas\cardboard264.jpg,kertas,trashnet
dataset\kertas\cardboard265.jpg,kertas,trashnet
dataset\kertas\cardboard266.jpg,kertas,trashnet
dataset\kertas\cardboard267.jpg,kertas,trashnet
dataset\kertas\cardboard268.jpg,kertas,trashnet
dataset\kertas\cardboard269.jpg,kertas,trashnet
dataset\kertas\cardboard27.jpg,kertas,trashnet
dataset\kertas\cardboard270.jpg,kertas,trashnet
dataset\kertas\cardboard271.jpg,kertas,trashnet
dataset\kertas\cardboard272.jpg,kertas,trashnet
dataset\kertas\cardboard273.jpg,kertas,trashnet
dataset\kertas\cardboard274.jpg,kertas,trashnet
dataset\kertas\cardboard275.jpg,kertas,trashnet
dataset\kertas\cardboard276.jpg,kertas,trashnet
dataset\kertas\cardboard277.jpg,kertas,trashnet
dataset\kertas\cardboard278.jpg,kertas,trashnet
dataset\kertas\cardboard279.jpg,kertas,trashnet
dataset\kertas\cardboard28.jpg,kertas,trashnet
dataset\kertas\cardboard280.jpg,kertas,trashnet
dataset\kertas\cardboard281.jpg,kertas,trashnet
dataset\kertas\cardboard282.jpg,kertas,trashnet
dataset\kertas\cardboard283.jpg,kertas,trashnet
dataset\kertas\cardboard284.jpg,kertas,trashnet
dataset\kertas\cardboard285.jpg,kertas,trashnet
dataset\kertas\cardboard286.jpg,kertas,trashnet
dataset\kertas\cardboard287.jpg,kertas,trashnet
dataset\kertas\cardboard288.jpg,kertas,trashnet
dataset\kertas\cardboard289.jpg,kertas,trashnet
dataset\kertas\cardboard29.jpg,kertas,trashnet
dataset\kertas\cardboard290.jpg,kertas,trashnet
dataset\kertas\cardboard291.jpg,kertas,trashnet
dataset\kertas\cardboard292.jpg,kertas,trashnet
dataset\kertas\cardboard293.jpg,kertas,trashnet
dataset\kertas\cardboard294.jpg,kertas,trashnet
dataset\kertas\cardboard295.jpg,kertas,trashnet
dataset\kertas\cardboard296.jpg,kertas,trashnet
dataset\kertas\cardboard297.jpg,kertas,trashnet
dataset\kertas\cardboard298.jpg,kertas,trashnet
dataset\kertas\cardboard299.jpg,kertas,trashnet
dataset\kertas\cardboard3.jpg,kertas,trashnet
dataset\kertas\cardboard30.jpg,kertas,trashnet
dataset\kertas\cardboard300.jpg,kertas,trashnet
dataset\kertas\cardboard301.jpg,kertas,trashnet
dataset\kertas\cardboard302.jpg,kertas,trashnet
dataset\kertas\cardboard303.jpg,kertas,trashnet
dataset\kertas\cardboard304.jpg,kertas,trashnet
dataset\kertas\cardboard305.jpg,kertas,trashnet
dataset\kertas\cardboard306.jpg,kertas,trashnet
dataset\kertas\cardboard307.jpg,kertas,trashnet
dataset\kertas\cardboard308.jpg,kertas,trashnet
dataset\kertas\cardboard309.jpg,kertas,trashnet
dataset\kertas\cardboard31.jpg,kertas,trashnet
dataset\kertas\cardboard310.jpg,kertas,trashnet
dataset\kertas\cardboard311.jpg,kertas,trashnet
dataset\kertas\cardboard312.jpg,kertas,trashnet
dataset\kertas\cardboard313.jpg,kertas,trashnet
dataset\kertas\cardboard314.jpg,kertas,trashnet
dataset\kertas\cardboard315.jpg,kertas,trashnet
dataset\kertas\cardboard316.jpg,kertas,trashnet
dataset\kertas\cardboard317.jpg,kertas,trashnet
dataset\kertas\cardboard318.jpg,kertas,trashnet
dataset\kertas\cardboard319.jpg,kertas,trashnet
dataset\kertas\cardboard32.jpg,kertas,trashnet
dataset\kertas\cardboard320.jpg,kertas,trashnet
dataset\kertas\cardboard321.jpg,kertas,trashnet
dataset\kertas\cardboard322.jpg,kertas,trashnet
dataset\kertas\cardboard323.jpg,kertas,trashnet
dataset\kertas\cardboard324.jpg,kertas,trashnet
dataset\kertas\cardboard325.jpg,kertas,trashnet
dataset\kertas\cardboard326.jpg,kertas,trashnet
dataset\kertas\cardboard327.jpg,kertas,trashnet
dataset\kertas\cardboard328.jpg,kertas,trashnet
dataset\kertas\cardboard329.jpg,kertas,trashnet
dataset\kertas\cardboard33.jpg,kertas,trashnet
dataset\kertas\cardboard330.jpg,kertas,trashnet
dataset\kertas\cardboard331.jpg,kertas,trashnet
dataset\kertas\cardboard332.jpg,kertas,trashnet
dataset\kertas\cardboard333.jpg,kertas,trashnet
dataset\kertas\cardboard334.jpg,kertas,trashnet
dataset\kertas\cardboard335.jpg,kertas,trashnet
dataset\kertas\cardboard336.jpg,kertas,trashnet
dataset\kertas\cardboard337.jpg,kertas,trashnet
dataset\kertas\cardboard338.jpg,kertas,trashnet
dataset\kertas\cardboard339.jpg,kertas,trashnet
dataset\kertas\cardboard34.jpg,kertas,trashnet
dataset\kertas\cardboard340.jpg,kertas,trashnet
dataset\kertas\cardboard341.jpg,kertas,trashnet
dataset\kertas\cardboard342.jpg,kertas,trashnet
dataset\kertas\cardboard343.jpg,kertas,trashnet
dataset\kertas\cardboard344.jpg,kertas,trashnet
dataset\kertas\cardboard345.jpg,kertas,trashnet
dataset\kertas\cardboard346.jpg,kertas,trashnet
dataset\kertas\cardboard347.jpg,kertas,trashnet
dataset\kertas\cardboard348.jpg,kertas,trashnet
dataset\kertas\cardboard349.jpg,kertas,trashnet
dataset\kertas\cardboard35.jpg,kertas,trashnet
dataset\kertas\cardboard350.jpg,kertas,trashnet
dataset\kertas\cardboard351.jpg,kertas,trashnet
dataset\kertas\cardboard352.jpg,kertas,trashnet
dataset\kertas\cardboard353.jpg,kertas,trashnet
dataset\kertas\cardboard354.jpg,kertas,trashnet
dataset\kertas\cardboard355.jpg,kertas,trashnet
dataset\kertas\cardboard356.jpg,kertas,trashnet
dataset\kertas\cardboard357.jpg,kertas,trashnet
dataset\kertas\cardboard358.jpg,kertas,trashnet
dataset\kertas\cardboard359.jpg,kertas,trashnet
dataset\kertas\cardboard36.jpg,kertas,trashnet
dataset\kertas\cardboard360.jpg,kertas,trashnet
dataset\kertas\cardboard361.jpg,kertas,trashnet
dataset\kertas\cardboard362.jpg,kertas,trashnet
dataset\kertas\cardboard363.jpg,kertas,trashnet
dataset\kertas\cardboard364.jpg,kertas,trashnet
dataset\kertas\cardboard365.jpg,kertas,trashnet
dataset\kertas\cardboard366.jpg,kertas,trashnet
dataset\kertas\cardboard367.jpg,kertas,trashnet
dataset\kertas\cardboard368.jpg,kertas,trashnet
dataset\kertas\cardboard369.jpg,kertas,trashnet
dataset\kertas\cardboard37.jpg,kertas,trashnet
dataset\kertas\cardboard370.jpg,kertas,trashnet
dataset\kertas\cardboard371.jpg,kertas,trashnet
dataset\kertas\cardboard372.jpg,kertas,trashnet
dataset\kertas\cardboard373.jpg,kertas,trashnet
dataset\kertas\cardboard374.jpg,kertas,trashnet
dataset\kertas\cardboard375.jpg,kertas,trashnet
dataset\kertas\cardboard376.jpg,kertas,trashnet
dataset\kertas\cardboard377.jpg,kertas,trashnet
dataset\kertas\cardboard378.jpg,kertas,trashnet
dataset\kertas\cardboard379.jpg,kertas,trashnet
dataset\kertas\cardboard38.jpg,kertas,trashnet
dataset\kertas\cardboard380.jpg,kertas,trashnet
dataset\kertas\cardboard381.jpg,kertas,trashnet
dataset\kertas\cardboard382.jpg,kertas,trashnet
dataset\kertas\cardboard383.jpg,kertas,trashnet
dataset\kertas\cardboard384.jpg,kertas,trashnet
dataset\kertas\cardboard385.jpg,kertas,trashnet
dataset\kertas\cardboard386.jpg,kertas,trashnet
dataset\kertas\cardboard387.jpg,kertas,trashnet
dataset\kertas\cardboard388.jpg,kertas,trashnet
dataset\kertas\cardboard389.jpg,kertas,trashnet
dataset\kertas\cardboard39.jpg,kertas,trashnet
dataset\kertas\cardboard390.jpg,kertas,trashnet
dataset\kertas\cardboard391.jpg,kertas,trashnet
dataset\kertas\cardboard392.jpg,kertas,trashnet
dataset\kertas\cardboard393.jpg,kertas,trashnet
dataset\kertas\cardboard394.jpg,kertas,trashnet
dataset\kertas\cardboard395.jpg,kertas,trashnet
dataset\kertas\cardboard396.jpg,kertas,trashnet
dataset\kertas\cardboard397.jpg,kertas,trashnet
dataset\kertas\cardboard398.jpg,kertas,trashnet
dataset\kertas\cardboard399.jpg,kertas,trashnet
dataset\kertas\cardboard4.jpg,kertas,trashnet
dataset\kertas\cardboard40.jpg,kertas,trashnet
dataset\kertas\cardboard400.jpg,kertas,trashnet
dataset\kertas\cardboard401.jpg,kertas,trashnet
dataset\kertas\cardboard402.jpg,kertas,trashnet
dataset\kertas\cardboard403.jpg,kertas,trashnet
dataset\kertas\cardboard41.jpg,kertas,trashnet
dataset\kertas\cardboard42.jpg,kertas,trashnet
dataset\kertas\cardboard43.jpg,kertas,trashnet
dataset\kertas\cardboard44.jpg,kertas,trashnet
dataset\kertas\cardboard45.jpg,kertas,trashnet
dataset\kertas\cardboard46.jpg,kertas,trashnet
dataset\kertas\cardboard47.jpg,kertas,trashnet
dataset\kertas\cardboard48.jpg,kertas,trashnet
dataset\kertas\cardboard49.jpg,kertas,trashnet
dataset\kertas\cardboard5.jpg,kertas,trashnet
dataset\kertas\cardboard50.jpg,kertas,trashnet
dataset\kertas\cardboard51.jpg,kertas,trashnet
dataset\kertas\cardboard52.jpg,kertas,trashnet
dataset\kertas\cardboard53.jpg,kertas,trashnet
dataset\kertas\cardboard54.jpg,kertas,trashnet
dataset\kertas\cardboard55.jpg,kertas,trashnet
dataset\kertas\cardboard56.jpg,kertas,trashnet
dataset\kertas\cardboard57.jpg,kertas,trashnet
dataset\kertas\cardboard58.jpg,kertas,trashnet
dataset\kertas\cardboard59.jpg,kertas,trashnet
dataset\kertas\cardboard6.jpg,kertas,trashnet
dataset\kertas\cardboard60.jpg,kertas,trashnet
dataset\kertas\cardboard61.jpg,kertas,trashnet
dataset\kertas\cardboard62.jpg,kertas,trashnet
dataset\kertas\cardboard63.jpg,kertas,trashnet
dataset\kertas\cardboard64.jpg,kertas,trashnet
dataset\kertas\cardboard65.jpg,kertas,trashnet
dataset\kertas\cardboard66.jpg,kertas,trashnet
dataset\kertas\cardboard67.jpg,kertas,trashnet
dataset\kertas\cardboard68.jpg,kertas,trashnet
dataset\kertas\cardboard69.jpg,kertas,trashnet
dataset\kertas\cardboard7.jpg,kertas,trashnet
dataset\kertas\cardboard70.jpg,kertas,trashnet
dataset\kertas\cardboard71.jpg,kertas,trashnet
dataset\kertas\cardboard72.jpg,kertas,trashnet
dataset\kertas\cardboard73.jpg,kertas,trashnet
dataset\kertas\cardboard74.jpg,kertas,trashnet
dataset\kertas\cardboard75.jpg,kertas,trashnet
dataset\kertas\cardboard76.jpg,kertas,trashnet
dataset\kertas\cardboard77.jpg,kertas,trashnet
dataset\kertas\cardboard78.jpg,kertas,trashnet
dataset\kertas\cardboard79.jpg,kertas,trashnet
dataset\kertas\cardboard8.jpg,kertas,trashnet
dataset\kertas\cardboard80.jpg,kertas,trashnet
dataset\kertas\cardboard81.jpg,kertas,trashnet
dataset\kertas\cardboard82.jpg,kertas,trashnet
dataset\kertas\cardboard83.jpg,kertas,trashnet
dataset\kertas\cardboard84.jpg,kertas,trashnet
dataset\kertas\cardboard85.jpg,kertas,trashnet
dataset\kertas\cardboard86.jpg,kertas,trashnet
dataset\kertas\cardboard87.jpg,kertas,trashnet
dataset\kertas\cardboard88.jpg,kertas,trashnet
dataset\kertas\cardboard89.jpg,kertas,trashnet
dataset\kertas\cardboard9.jpg,kertas,trashnet
dataset\kertas\cardboard90.jpg,kertas,trashnet
dataset\kertas\cardboard91.jpg,kertas,trashnet
dataset\kertas\cardboard92.jpg,kertas,trashnet
dataset\kertas\cardboard93.jpg,kertas,trashnet
dataset\kertas\cardboard94.jpg,kertas,trashnet
dataset\kertas\cardboard95.jpg,kertas,trashnet
dataset\kertas\cardboard96.jpg,kertas,trashnet
dataset\kertas\cardboard97.jpg,kertas,trashnet
dataset\kertas\cardboard98.jpg,kertas,trashnet
dataset\kertas\cardboard99.jpg,kertas,trashnet
dataset\kertas\crop_20260827_103402_467779.jpg,kertas,real
dataset\kertas\crop_20260827_103407_476043.jpg,kertas,real
dataset\kertas\crop_20260827_103411_195195.jpg,kertas,real
dataset\kertas\crop_20260827_103416_024891.jpg,kertas,real
dataset\kertas\crop_20260827_103448_985200.jpg,kertas,real
dataset\kertas\crop_20260827_103454_827209.jpg,kertas,real
dataset\kertas\crop_20260827_103732_604024.jpg,kertas,real
dataset\kertas\crop_20260827_103735_729945.jpg,kertas,real
dataset\kertas\crop_20260827_103738_423735.jpg,kertas,real
dataset\kertas\crop_20260827_103741_044462.jpg,kertas,real
dataset\kertas\crop_20260827_103744_156017.jpg,kertas,real
dataset\kertas\paper1.jpg,kertas,trashnet
dataset\kertas\paper10.jpg,kertas,trashnet
dataset\kertas\paper100.jpg,kertas,trashnet
dataset\kertas\paper101.jpg,kertas,trashnet
dataset\kertas\paper102.jpg,kertas,trashnet
dataset\kertas\paper103.jpg,kertas,trashnet
dataset\kertas\paper104.jpg,kertas,trashnet
dataset\kertas\paper105.jpg,kertas,trashnet
dataset\kertas\paper106.jpg,kertas,trashnet
dataset\kertas\paper107.jpg,kertas,trashnet
dataset\kertas\paper108.jpg,kertas,trashnet
dataset\kertas\paper109.jpg,kertas,trashnet
dataset\kertas\paper11.jpg,kertas,trashnet
dataset\kertas\paper110.jpg,kertas,trashnet
dataset\kertas\paper111.jpg,kertas,trashnet
dataset\kertas\paper112.jpg,kertas,trashnet
dataset\kertas\paper113.jpg,kertas,trashnet
dataset\kertas\paper114.jpg,kertas,trashnet
dataset\kertas\paper115.jpg,kertas,trashnet
dataset\kertas\paper116.jpg,kertas,trashnet
dataset\kertas\paper117.jpg,kertas,trashnet
dataset\kertas\paper118.jpg,kertas,trashnet
dataset\kertas\paper119.jpg,kertas,trashnet
dataset\kertas\paper12.jpg,kertas,trashnet
dataset\kertas\paper120.jpg,kertas,trashnet
dataset\kertas\paper121.jpg,kertas,trashnet
dataset\kertas\paper122.jpg,kertas,trashnet
dataset\kertas\paper123.jpg,kertas,trashnet
dataset\kertas\paper124.jpg,kertas,trashnet
dataset\kertas\paper125.jpg,kertas,trashnet
dataset\kertas\paper126.jpg,kertas,trashnet
dataset\kertas\paper127.jpg,kertas,trashnet
dataset\kertas\paper128.jpg,kertas,trashnet
dataset\kertas\paper129.jpg,kertas,trashnet
dataset\kertas\paper13.jpg,kertas,trashnet
dataset\kertas\paper130.jpg,kertas,trashnet
dataset\kertas\paper131.jpg,kertas,trashnet
dataset\kertas\paper132.jpg,kertas,trashnet
dataset\kertas\paper133.jpg,kertas,trashnet
dataset\kertas\paper134.jpg,kertas,trashnet
dataset\kertas\paper135.jpg,kertas,trashnet
dataset\kertas\paper136.jpg,kertas,trashnet
dataset\kertas\paper137.jpg,kertas,trashnet
dataset\kertas\paper138.jpg,kertas,trashnet
dataset\kertas\paper139.jpg,kertas,trashnet
dataset\kertas\paper14.jpg,kertas,trashnet
dataset\kertas\paper140.jpg,kertas,trashnet
dataset\kertas\paper141.jpg,kertas,trashnet
dataset\kertas\paper142.jpg,kertas,trashnet
dataset\kertas\paper143.jpg,kertas,trashnet
dataset\kertas\paper144.jpg,kertas,trashnet
dataset\kertas\paper145.jpg,kertas,trashnet
dataset\kertas\paper146.jpg,kertas,trashnet
dataset\kertas\paper147.jpg,kertas,trashnet
dataset\kertas\paper148.jpg,kertas,trashnet
dataset\kertas\paper149.jpg,kertas,trashnet
dataset\kertas\paper15.jpg,kertas,trashnet
dataset\kertas\paper150.jpg,kertas,trashnet
dataset\kertas\paper151.jpg,kertas,trashnet
dataset\kertas\paper152.jpg,kertas,trashnet
dataset\kertas\paper153.jpg,kertas,trashnet
dataset\kertas\paper154.jpg,kertas,trashnet
dataset\kertas\paper155.jpg,kertas,trashnet
dataset\kertas\paper156.jpg,kertas,trashnet
dataset\kertas\paper157.jpg,kertas,trashnet
dataset\kertas\paper158.jpg,kertas,trashnet
dataset\kertas\paper159.jpg,kertas,trashnet
dataset\kertas\paper16.jpg,kertas,trashnet
dataset\kertas\paper160.jpg,kertas,trashnet
dataset\kertas\paper161.jpg,kertas,trashnet
dataset\kertas\paper162.jpg,kertas,trashnet
dataset\kertas\paper163.jpg,kertas,trashnet
dataset\kertas\paper164.jpg,kertas,trashnet
dataset\kertas\paper165.jpg,kertas,trashnet
dataset\kertas\paper166.jpg,kertas,trashnet
dataset\kertas\paper167.jpg,kertas,trashnet
dataset\kertas\paper168.jpg,kertas,trashnet
dataset\kertas\paper169.jpg,kertas,trashnet
dataset\kertas\paper17.jpg,kertas,trashnet
dataset\kertas\paper170.jpg,kertas,trashnet
dataset\kertas\paper171.jpg,kertas,trashnet
dataset\kertas\paper172.jpg,kertas,trashnet
dataset\kertas\paper173.jpg,kertas,trashnet
dataset\kertas\paper174.jpg,kertas,trashnet
dataset\kertas\paper175.jpg,kertas,trashnet
dataset\kertas\paper176.jpg,kertas,trashnet
dataset\kertas\paper177.jpg,kertas,trashnet
dataset\kertas\paper178.jpg,kertas,trashnet
dataset\kertas\paper179.jpg,kertas,trashnet
dataset\kertas\paper18.jpg,kertas,trashnet
dataset\kertas\paper180.jpg,kertas,trashnet
dataset\kertas\paper181.jpg,kertas,trashnet
dataset\kertas\paper182.jpg,kertas,trashnet
dataset\kertas\paper183.jpg,kertas,trashnet
dataset\kertas\paper184.jpg,kertas,trashnet
dataset\kertas\paper185.jpg,kertas,trashnet
dataset\kertas\paper186.jpg,kertas,trashnet
dataset\kertas\paper187.jpg,kertas,trashnet
dataset\kertas\paper188.jpg,kertas,trashnet
dataset\kertas\paper189.jpg,kertas,trashnet
dataset\kertas\paper19.jpg,kertas,trashnet
dataset\kertas\paper190.jpg,kertas,trashnet
dataset\kertas\paper191.jpg,kertas,trashnet
dataset\kertas\paper192.jpg,kertas,trashnet
dataset\kertas\paper193.jpg,kertas,trashnet
dataset\kertas\paper194.jpg,kertas,trashnet
dataset\kertas\paper195.jpg,kertas,trashnet
dataset\kertas\paper196.jpg,kertas,trashnet
dataset\kertas\paper197.jpg,kertas,trashnet
dataset\kertas\paper198.jpg,kertas,trashnet
dataset\kertas\paper199.jpg,kertas,trashnet
dataset\kertas\paper2.jpg,kertas,trashnet
dataset\kertas\paper20.jpg,kertas,trashnet
dataset\kertas\paper200.jpg,kertas,trashnet
dataset\kertas\paper201.jpg,kertas,trashnet
dataset\kertas\paper202.jpg,kertas,trashnet
dataset\kertas\paper203.jpg,kertas,trashnet
dataset\kertas\paper204.jpg,kertas,trashnet
dataset\kertas\paper205.jpg,kertas,trashnet
dataset\kertas\paper206.jpg,kertas,trashnet
dataset\kertas\paper207.jpg,kertas,trashnet
dataset\kertas\paper208.jpg,kertas,trashnet
dataset\kertas\paper209.jpg,kertas,trashnet
dataset\kertas\paper21.jpg,kertas,trashnet
dataset\kertas\paper210.jpg,kertas,trashnet
dataset\kertas\paper211.jpg,kertas,trashnet
dataset\kertas\paper212.jpg,kertas,trashnet
dataset\kertas\paper213.jpg,kertas,trashnet
dataset\kertas\paper214.jpg,kertas,trashnet
dataset\kertas\paper215.jpg,kertas,trashnet
dataset\kertas\paper216.jpg,kertas,trashnet
dataset\kertas\paper217.jpg,kertas,trashnet
dataset\kertas\paper218.jpg,kertas,trashnet
dataset\kertas\paper219.jpg,kertas,trashnet
dataset\kertas\paper22.jpg,kertas,trashnet
dataset\kertas\paper220.jpg,kertas,trashnet
dataset\kertas\paper221.jpg,kertas,trashnet
dataset\kertas\paper222.jpg,kertas,trashnet
dataset\kertas\paper223.jpg,kertas,trashnet
dataset\kertas\paper224.jpg,kertas,trashnet
dataset\kertas\paper225.jpg,kertas,trashnet
dataset\kertas\paper226.jpg,kertas,trashnet
dataset\kertas\paper227.jpg,kertas,trashnet
dataset\kertas\paper228.jpg,kertas,trashnet
dataset\kertas\paper229.jpg,kertas,trashnet
dataset\kertas\paper23.jpg,kertas,trashnet
dataset\kertas\paper230.jpg,kertas,trashnet
dataset\kertas\paper231.jpg,kertas,trashnet
dataset\kertas\paper232.jpg,kertas,trashnet
dataset\kertas\paper233.jpg,kertas,trashnet
dataset\kertas\paper234.jpg,kertas,trashnet
dataset\kertas\paper235.jpg,kertas,trashnet
dataset\kertas\paper236.jpg,kertas,trashnet
dataset\kertas\paper237.jpg,kertas,trashnet
dataset\kertas\paper238.jpg,kertas,trashnet
dataset\kertas\paper239.jpg,kertas,trashnet
dataset\kertas\paper24.jpg,kertas,trashnet
dataset\kertas\paper240.jpg,kertas,trashnet
dataset\kertas\paper241.jpg,kertas,trashnet
dataset\kertas\paper242.jpg,kertas,trashnet
dataset\kertas\paper243.jpg,kertas,trashnet
dataset\kertas\paper244.jpg,kertas,trashnet
dataset\kertas\paper245.jpg,kertas,trashnet
dataset\kertas\paper246.jpg,kertas,trashnet
dataset\kertas\paper247.jpg,kertas,trashnet
dataset\kertas\paper248.jpg,kertas,trashnet
dataset\kertas\paper249.jpg,kertas,trashnet
dataset\kertas\paper25.jpg,kertas,trashnet
dataset\kertas\paper250.jpg,kertas,trashnet
dataset\kertas\paper251.jpg,kertas,trashnet
dataset\kertas\paper252.jpg,kertas,trashnet
dataset\kertas\paper253.jpg,kertas,trashnet
dataset\kertas\paper254.jpg,kertas,trashnet
dataset\kertas\paper255.jpg,kertas,trashnet
dataset\kertas\paper256.jpg,kertas,trashnet
dataset\kertas\paper257.jpg,kertas,trashnet
dataset\kertas\paper258.jpg,kertas,trashnet
dataset\kertas\paper259.jpg,kertas,trashnet
dataset\kertas\paper26.jpg,kertas,trashnet
dataset\kertas\paper260.jpg,kertas,trashnet
dataset\kertas\paper261.jpg,kertas,trashnet
dataset\kertas\paper262.jpg,kertas,trashnet
dataset\kertas\paper263.jpg,kertas,trashnet
dataset\kertas\paper264.jpg,kertas,trashnet
dataset\kertas\paper265.jpg,kertas,trashnet
dataset\kertas\paper266.jpg,kertas,trashnet
dataset\kertas\paper267.jpg,kertas,trashnet
dataset\kertas\paper268.jpg,kertas,trashnet
dataset\kertas\paper269.jpg,kertas,trashnet
dataset\kertas\paper27.jpg,kertas,trashnet
dataset\kertas\paper270.jpg,kertas,trashnet
dataset\kertas\paper271.jpg,kertas,trashnet
dataset\kertas\paper272.jpg,kertas,trashnet
dataset\kertas\paper273.jpg,kertas,trashnet
dataset\kertas\paper274.jpg,kertas,trashnet
dataset\kertas\paper275.jpg,kertas,trashnet
dataset\kertas\paper276.jpg,kertas,trashnet
dataset\kertas\paper277.jpg,kertas,trashnet
dataset\kertas\paper278.jpg,kertas,trashnet
dataset\kertas\paper279.jpg,kertas,trashnet
dataset\kertas\paper28.jpg,kertas,trashnet
dataset\kertas\paper280.jpg,kertas,trashnet
dataset\kertas\paper281.jpg,kertas,trashnet
dataset\kertas\paper282.jpg,kertas,trashnet
dataset\kertas\paper283.jpg,kertas,trashnet
dataset\kertas\paper284.jpg,kertas,trashnet
dataset\kertas\paper285.jpg,kertas,trashnet
dataset\kertas\paper286.jpg,kertas,trashnet
dataset\kertas\paper287.jpg,kertas,trashnet
dataset\kertas\paper288.jpg,kertas,trashnet
dataset\kertas\paper289.jpg,kertas,trashnet
dataset\kertas\paper29.jpg,kertas,trashnet
dataset\kertas\paper290.jpg,kertas,trashnet
dataset\kertas\paper291.jpg,kertas,trashnet
dataset\kertas\paper292.jpg,kertas,trashnet
dataset\kertas\paper293.jpg,kertas,trashnet
dataset\kertas\paper294.jpg,kertas,trashnet
dataset\kertas\paper295.jpg,kertas,trashnet
dataset\kertas\paper296.jpg,kertas,trashnet
dataset\kertas\paper297.jpg,kertas,trashnet
dataset\kertas\paper298.jpg,kertas,trashnet
dataset\kertas\paper299.jpg,kertas,trashnet
dataset\kertas\paper3.jpg,kertas,trashnet
dataset\kertas\paper30.jpg,kertas,trashnet
dataset\kertas\paper300.jpg,kertas,trashnet
dataset\kertas\paper301.jpg,kertas,trashnet
dataset\kertas\paper302.jpg,kertas,trashnet
dataset\kertas\paper303.jpg,kertas,trashnet
dataset\kertas\paper304.jpg,kertas,trashnet
dataset\kertas\paper305.jpg,kertas,trashnet
dataset\kertas\paper306.jpg,kertas,trashnet
dataset\kertas\paper307.jpg,kertas,trashnet
dataset\kertas\paper308.jpg,kertas,trashnet
dataset\kertas\paper309.jpg,kertas,trashnet
dataset\kertas\paper31.jpg,kertas,trashnet
dataset\kertas\paper310.jpg,kertas,trashnet
dataset\kertas\paper311.jpg,kertas,trashnet
dataset\kertas\paper312.jpg,kertas,trashnet
dataset\kertas\paper313.jpg,kertas,trashnet
dataset\kertas\paper314.jpg,kertas,trashnet
dataset\kertas\paper315.jpg,kertas,trashnet
dataset\kertas\paper316.jpg,kertas,trashnet
dataset\kertas\paper317.jpg,kertas,trashnet
dataset\kertas\paper318.jpg,kertas,trashnet
dataset\kertas\paper319.jpg,kertas,trashnet
dataset\kertas\paper32.jpg,kertas,trashnet
dataset\kertas\paper320.jpg,kertas,trashnet
dataset\kertas\paper321.jpg,kertas,trashnet
dataset\kertas\paper322.jpg,kertas,trashnet
dataset\kertas\paper323.jpg,kertas,trashnet
dataset\kertas\paper324.jpg,kertas,trashnet
dataset\kertas\paper325.jpg,kertas,trashnet
dataset\kertas\paper326.jpg,kertas,trashnet
dataset\kertas\paper327.jpg,kertas,trashnet
dataset\kertas\paper328.jpg,kertas,trashnet
dataset\kertas\paper329.jpg,kertas,trashnet
dataset\kertas\paper33.jpg,kertas,trashnet
dataset\kertas\paper330.jpg,kertas,trashnet
dataset\kertas\paper331.jpg,kertas,trashnet
dataset\kertas\paper332.jpg,kertas,trashnet
dataset\kertas\paper333.jpg,kertas,trashnet
dataset\kertas\paper334.jpg,kertas,trashnet
dataset\kertas\paper335.jpg,kertas,trashnet
dataset\kertas\paper336.jpg,kertas,trashnet
dataset\kertas\paper337.jpg,kertas,trashnet
dataset\kertas\paper338.jpg,kertas,trashnet
dataset\kertas\paper339.jpg,kertas,trashnet
dataset\kertas\paper34.jpg,kertas,trashnet
dataset\kertas\paper340.jpg,kertas,trashnet
dataset\kertas\paper341.jpg,kertas,trashnet
dataset\kertas\paper342.jpg,kertas,trashnet
dataset\kertas\paper343.jpg,kertas,trashnet
dataset\kertas\paper344.jpg,kertas,trashnet
dataset\kertas\paper345.jpg,kertas,trashnet
dataset\kertas\paper346.jpg,kertas,trashnet
dataset\kertas\paper347.jpg,kertas,trashnet
dataset\kertas\paper348.jpg,kertas,trashnet
dataset\kertas\paper349.jpg,kertas,trashnet
dataset\kertas\paper35.jpg,kertas,trashnet
dataset\kertas\paper350.jpg,kertas,trashnet
dataset\kertas\paper351.jpg,kertas,trashnet
dataset\kertas\paper352.jpg,kertas,trashnet
dataset\kertas\paper353.jpg,kertas,trashnet
dataset\kertas\paper354.jpg,kertas,trashnet
dataset\kertas\paper355.jpg,kertas,trashnet
dataset\kertas\paper356.jpg,kertas,trashnet
dataset\kertas\paper357.jpg,kertas,trashnet
dataset\kertas\paper358.jpg,kertas,trashnet
dataset\kertas\paper359.jpg,kertas,trashnet
dataset\kertas\paper36.jpg,kertas,trashnet
dataset\kertas\paper360.jpg,kertas,trashnet
dataset\kertas\paper361.jpg,kertas,trashnet
dataset\kertas\paper362.jpg,kertas,trashnet
dataset\kertas\paper363.jpg,kertas,trashnet
dataset\kertas\paper364.jpg,kertas,trashnet
dataset\kertas\paper365.jpg,kertas,trashnet
dataset\kertas\paper366.jpg,kertas,trashnet
dataset\kertas\paper367.jpg,kertas,trashnet
dataset\kertas\paper368.jpg,kertas,trashnet
dataset\kertas\paper369.jpg,kertas,trashnet
dataset\kertas\paper37.jpg,kertas,trashnet
dataset\kertas\paper370.jpg,kertas,trashnet
dataset\kertas\paper371.jpg,kertas,trashnet
dataset\kertas\paper372.jpg,kertas,trashnet
dataset\kertas\paper373.jpg,kertas,trashnet
dataset\kertas\paper374.jpg,kertas,trashnet
dataset\kertas\paper375.jpg,kertas,trashnet
dataset\kertas\paper376.jpg,kertas,trashnet
dataset\kertas\paper377.jpg,kertas,trashnet
dataset\kertas\paper378.jpg,kertas,trashnet
dataset\kertas\paper379.jpg,kertas,trashnet
dataset\kertas\paper38.jpg,kertas,trashnet
dataset\kertas\paper380.jpg,kertas,trashnet
dataset\kertas\paper381.jpg,kertas,trashnet
dataset\kertas\paper382.jpg,kertas,trashnet
dataset\kertas\paper383.jpg,kertas,trashnet
dataset\kertas\paper384.jpg,kertas,trashnet
dataset\kertas\paper385.jpg,kertas,trashnet
dataset\kertas\paper386.jpg,kertas,trashnet
dataset\kertas\paper387.jpg,kertas,trashnet
dataset\kertas\paper388.jpg,kertas,trashnet
dataset\kertas\paper389.jpg,kertas,trashnet
dataset\kertas\paper39.jpg,kertas,trashnet
dataset\kertas\paper390.jpg,kertas,trashnet
dataset\kertas\paper391.jpg,kertas,trashnet
dataset\kertas\paper392.jpg,kertas,trashnet
dataset\kertas\paper393.jpg,kertas,trashnet
dataset\kertas\paper394.jpg,kertas,trashnet
dataset\kertas\paper395.jpg,kertas,trashnet
dataset\kertas\paper396.jpg,kertas,trashnet
dataset\kertas\paper397.jpg,kertas,trashnet
dataset\kertas\paper398.jpg,kertas,trashnet
dataset\kertas\paper399.jpg,kertas,trashnet
dataset\kertas\paper4.jpg,kertas,trashnet
dataset\kertas\paper40.jpg,kertas,trashnet
dataset\kertas\paper400.jpg,kertas,trashnet
dataset\kertas\paper401.jpg,kertas,trashnet
dataset\kertas\paper402.jpg,kertas,trashnet
dataset\kertas\paper403.jpg,kertas,trashnet
dataset\kertas\paper404.jpg,kertas,trashnet
dataset\kertas\paper405.jpg,kertas,trashnet
dataset\kertas\paper406.jpg,kertas,trashnet
dataset\kertas\paper407.jpg,kertas,trashnet
dataset\kertas\paper408.jpg,kertas,trashnet
dataset\kertas\paper409.jpg,kertas,trashnet
dataset\kertas\paper41.jpg,kertas,trashnet
dataset\kertas\paper410.jpg,kertas,trashnet
dataset\kertas\paper411.jpg,kertas,trashnet
dataset\kertas\paper412.jpg,kertas,trashnet
dataset\kertas\paper413.jpg,kertas,trashnet
dataset\kertas\paper414.jpg,kertas,trashnet
dataset\kertas\paper415.jpg,kertas,trashnet
dataset\kertas\paper416.jpg,kertas,trashnet
dataset\kertas\paper417.jpg,kertas,trashnet
dataset\kertas\paper418.jpg,kertas,trashnet
dataset\kertas\paper419.jpg,kertas,trashnet
dataset\kertas\paper42.jpg,kertas,trashnet
dataset\kertas\paper420.jpg,kertas,trashnet
dataset\kertas\paper421.jpg,kertas,trashnet
dataset\kertas\paper422.jpg,kertas,trashnet
dataset\kertas\paper423.jpg,kertas,trashnet
dataset\kertas\paper424.jpg,kertas,trashnet
dataset\kertas\paper425.jpg,kertas,trashnet
dataset\kertas\paper426.jpg,kertas,trashnet
dataset\kertas\paper427.jpg,kertas,trashnet
dataset\kertas\paper428.jpg,kertas,trashnet
dataset\kertas\paper429.jpg,kertas,trashnet
dataset\kertas\paper43.jpg,kertas,trashnet
dataset\kertas\paper430.jpg,kertas,trashnet
dataset\kertas\paper431.jpg,kertas,trashnet
dataset\kertas\paper432.jpg,kertas,trashnet
dataset\kertas\paper433.jpg,kertas,trashnet
dataset\kertas\paper434.jpg,kertas,trashnet
dataset\kertas\paper435.jpg,kertas,trashnet
dataset\kertas\paper436.jpg,kertas,trashnet
dataset\kertas\paper437.jpg,kertas,trashnet
dataset\kertas\paper438.jpg,kertas,trashnet
dataset\kertas\paper439.jpg,kertas,trashnet
dataset\kertas\paper44.jpg,kertas,trashnet
dataset\kertas\paper440.jpg,kertas,trashnet
dataset\kertas\paper441.jpg,kertas,trashnet
dataset\kertas\paper442.jpg,kertas,trashnet
dataset\kertas\paper443.jpg,kertas,trashnet
dataset\kertas\paper444.jpg,kertas,trashnet
dataset\kertas\paper445.jpg,kertas,trashnet
dataset\kertas\paper446.jpg,kertas,trashnet
dataset\kertas\paper447.jpg,kertas,trashnet
dataset\kertas\paper448.jpg,kertas,trashnet
dataset\kertas\paper449.jpg,kertas,trashnet
dataset\kertas\paper45.jpg,kertas,trashnet
dataset\kertas\paper450.jpg,kertas,trashnet
dataset\kertas\paper451.jpg,kertas,trashnet
dataset\kertas\paper452.jpg,kertas,trashnet
dataset\kertas\paper453.jpg,kertas,trashnet
dataset\kertas\paper454.jpg,kertas,trashnet
dataset\kertas\paper455.jpg,kertas,trashnet
dataset\kertas\paper456.jpg,kertas,trashnet
dataset\kertas\paper457.jpg,kertas,trashnet
dataset\kertas\paper458.jpg,kertas,trashnet
dataset\kertas\paper459.jpg,kertas,trashnet
dataset\kertas\paper46.jpg,kertas,trashnet
dataset\kertas\paper460.jpg,kertas,trashnet
dataset\kertas\paper461.jpg,kertas,trashnet
dataset\kertas\paper462.jpg,kertas,trashnet
dataset\kertas\paper463.jpg,kertas,trashnet
dataset\kertas\paper464.jpg,kertas,trashnet
dataset\kertas\paper465.jpg,kertas,trashnet
dataset\kertas\paper466.jpg,kertas,trashnet
dataset\kertas\paper467.jpg,kertas,trashnet
dataset\kertas\paper468.jpg,kertas,trashnet
dataset\kertas\paper469.jpg,kertas,trashnet
dataset\kertas\paper47.jpg,kertas,trashnet
dataset\kertas\paper470.jpg,kertas,trashnet
dataset\kertas\paper471.jpg,kertas,trashnet
dataset\kertas\paper472.jpg,kertas,trashnet
dataset\kertas\paper473.jpg,kertas,trashnet
dataset\kertas\paper474.jpg,kertas,trashnet
dataset\kertas\paper475.jpg,kertas,trashnet
dataset\kertas\paper476.jpg,kertas,trashnet
dataset\kertas\paper477.jpg,kertas,trashnet
dataset\kertas\paper478.jpg,kertas,trashnet
dataset\kertas\paper479.jpg,kertas,trashnet
dataset\kertas\paper48.jpg,kertas,trashnet
dataset\kertas\paper480.jpg,kertas,trashnet
dataset\kertas\paper481.jpg,kertas,trashnet
dataset\kertas\paper482.jpg,kertas,trashnet
dataset\kertas\paper483.jpg,kertas,trashnet
dataset\kertas\paper484.jpg,kertas,trashnet
dataset\kertas\paper485.jpg,kertas,trashnet
dataset\kertas\paper486.jpg,kertas,trashnet
dataset\kertas\paper487.jpg,kertas,trashnet
dataset\kertas\paper488.jpg,kertas,trashnet
dataset\kertas\paper489.jpg,kertas,trashnet
dataset\kertas\paper49.jpg,kertas,trashnet
dataset\kertas\paper490.jpg,kertas,trashnet
dataset\kertas\paper491.jpg,kertas,trashnet
dataset\kertas\paper492.jpg,kertas,trashnet
dataset\kertas\paper493.jpg,kertas,trashnet
dataset\kertas\paper494.jpg,kertas,trashnet
dataset\kertas\paper495.jpg,kertas,trashnet
dataset\kertas\paper496.jpg,kertas,trashnet
dataset\kertas\paper497.jpg,kertas,trashnet
dataset\kertas\paper498.jpg,kertas,trashnet
dataset\kertas\paper499.jpg,kertas,trashnet
dataset\kertas\paper5.jpg,kertas,trashnet
dataset\kertas\paper50.jpg,kertas,trashnet
dataset\kertas\paper500.jpg,kertas,trashnet
dataset\kertas\paper501.jpg,kertas,trashnet
dataset\kertas\paper502.jpg,kertas,trashnet
dataset\kertas\paper503.jpg,kertas,trashnet
dataset\kertas\paper504.jpg,kertas,trashnet
dataset\kertas\paper505.jpg,kertas,trashnet
dataset\kertas\paper506.jpg,kertas,trashnet
dataset\kertas\paper507.jpg,kertas,trashnet
dataset\kertas\paper508.jpg,kertas,trashnet
dataset\kertas\paper509.jpg,kertas,trashnet
dataset\kertas\paper51.jpg,kertas,trashnet
dataset\kertas\paper510.jpg,kertas,trashnet
dataset\kertas\paper511.jpg,kertas,trashnet
dataset\kertas\paper512.jpg,kertas,trashnet
dataset\kertas\paper513.jpg,kertas,trashnet
dataset\kertas\paper514.jpg,kertas,trashnet
dataset\kertas\paper515.jpg,kertas,trashnet
dataset\kertas\paper516.jpg,kertas,trashnet
dataset\kertas\paper517.jpg,kertas,trashnet
dataset\kertas\paper518.jpg,kertas,trashnet
dataset\kertas\paper519.jpg,kertas,trashnet
dataset\kertas\paper52.jpg,kertas,trashnet
dataset\kertas\paper520.jpg,kertas,trashnet
dataset\kertas\paper521.jpg,kertas,trashnet
dataset\kertas\paper522.jpg,kertas,trashnet
dataset\kertas\paper523.jpg,kertas,trashnet
dataset\kertas\paper524.jpg,kertas,trashnet
dataset\kertas\paper525.jpg,kertas,trashnet
dataset\kertas\paper526.jpg,kertas,trashnet
dataset\kertas\paper527.jpg,kertas,trashnet
dataset\kertas\paper528.jpg,kertas,trashnet
dataset\kertas\paper529.jpg,kertas,trashnet
dataset\kertas\paper53.jpg,kertas,trashnet
dataset\kertas\paper530.jpg,kertas,trashnet
dataset\kertas\paper531.jpg,kertas,trashnet
dataset\kertas\paper532.jpg,kertas,trashnet
dataset\kertas\paper533.jpg,kertas,trashnet
dataset\kertas\paper534.jpg,kertas,trashnet
dataset\kertas\paper535.jpg,kertas,trashnet
dataset\kertas\paper536.jpg,kertas,trashnet
dataset\kertas\paper537.jpg,kertas,trashnet
dataset\kertas\paper538.jpg,kertas,trashnet
dataset\kertas\paper539.jpg,kertas,trashnet
dataset\kertas\paper54.jpg,kertas,trashnet
dataset\kertas\paper540.jpg,kertas,trashnet
dataset\kertas\paper541.jpg,kertas,trashnet
dataset\kertas\paper542.jpg,kertas,trashnet
dataset\kertas\paper543.jpg,kertas,trashnet
dataset\kertas\paper544.jpg,kertas,trashnet
dataset\kertas\paper545.jpg,kertas,trashnet
dataset\kertas\paper546.jpg,kertas,trashnet
dataset\kertas\paper547.jpg,kertas,trashnet
dataset\kertas\paper548.jpg,kertas,trashnet
dataset\kertas\paper549.jpg,kertas,trashnet
dataset\kertas\paper55.jpg,kertas,trashnet
dataset\kertas\paper550.jpg,kertas,trashnet
dataset\kertas\paper551.jpg,kertas,trashnet
dataset\kertas\paper552.jpg,kertas,trashnet
dataset\kertas\paper553.jpg,kertas,trashnet
dataset\kertas\paper554.jpg,kertas,trashnet
dataset\kertas\paper555.jpg,kertas,trashnet
dataset\kertas\paper556.jpg,kertas,trashnet
dataset\kertas\paper557.jpg,kertas,trashnet
dataset\kertas\paper558.jpg,kertas,trashnet
dataset\kertas\paper559.jpg,kertas,trashnet
dataset\kertas\paper56.jpg,kertas,trashnet
dataset\kertas\paper560.jpg,kertas,trashnet
dataset\kertas\paper561.jpg,kertas,trashnet
dataset\kertas\paper562.jpg,kertas,trashnet
dataset\kertas\paper563.jpg,kertas,trashnet
dataset\kertas\paper564.jpg,kertas,trashnet
dataset\kertas\paper565.jpg,kertas,trashnet
dataset\kertas\paper566.jpg,kertas,trashnet
dataset\kertas\paper567.jpg,kertas,trashnet
dataset\kertas\paper568.jpg,kertas,trashnet
dataset\kertas\paper569.jpg,kertas,trashnet
dataset\kertas\paper57.jpg,kertas,trashnet
dataset\kertas\paper570.jpg,kertas,trashnet
dataset\kertas\paper571.jpg,kertas,trashnet
dataset\kertas\paper572.jpg,kertas,trashnet
dataset\kertas\paper573.jpg,kertas,trashnet
dataset\kertas\paper574.jpg,kertas,trashnet
dataset\kertas\paper575.jpg,kertas,trashnet
dataset\kertas\paper576.jpg,kertas,trashnet
dataset\kertas\paper577.jpg,kertas,trashnet
dataset\kertas\paper578.jpg,kertas,trashnet
dataset\kertas\paper579.jpg,kertas,trashnet
dataset\kertas\paper58.jpg,kertas,trashnet
dataset\kertas\paper580.jpg,kertas,trashnet
dataset\kertas\paper581.jpg,kertas,trashnet
dataset\kertas\paper582.jpg,kertas,trashnet
dataset\kertas\paper583.jpg,kertas,trashnet
dataset\kertas\paper584.jpg,kertas,trashnet
dataset\kertas\paper585.jpg,kertas,trashnet
dataset\kertas\paper586.jpg,kertas,trashnet
dataset\kertas\paper587.jpg,kertas,trashnet
dataset\kertas\paper588.jpg,kertas,trashnet
dataset\kertas\paper589.jpg,kertas,trashnet
dataset\kertas\paper59.jpg,kertas,trashnet
dataset\kertas\paper590.jpg,kertas,trashnet
dataset\kertas\paper591.jpg,kertas,trashnet
dataset\kertas\paper592.jpg,kertas,trashnet
dataset\kertas\paper593.jpg,kertas,trashnet
dataset\kertas\paper594.jpg,kertas,trashnet
dataset\kertas\paper6.jpg,kertas,trashnet
dataset\kertas\paper60.jpg,kertas,trashnet
dataset\kertas\paper61.jpg,kertas,trashnet
dataset\kertas\paper62.jpg,kertas,trashnet
dataset\kertas\paper63.jpg,kertas,trashnet
dataset\kertas\paper64.jpg,kertas,trashnet
dataset\kertas\paper65.jpg,kertas,trashnet
dataset\kertas\paper66.jpg,kertas,trashnet
dataset\kertas\paper67.jpg,kertas,trashnet
dataset\kertas\paper68.jpg,kertas,trashnet
dataset\kertas\paper69.jpg,kertas,trashnet
dataset\kertas\paper7.jpg,kertas,trashnet
dataset\kertas\paper70.jpg,kertas,trashnet
dataset\kertas\paper71.jpg,kertas,trashnet
dataset\kertas\paper72.jpg,kertas,trashnet
dataset\kertas\paper73.jpg,kertas,trashnet
dataset\kertas\paper74.jpg,kertas,trashnet
dataset\kertas\paper75.jpg,kertas,trashnet
dataset\kertas\paper76.jpg,kertas,trashnet
dataset\kertas\paper77.jpg,kertas,trashnet
dataset\kertas\paper78.jpg,kertas,trashnet
dataset\kertas\paper79.jpg,kertas,trashnet
dataset\kertas\paper8.jpg,kertas,trashnet
dataset\kertas\paper80.jpg,kertas,trashnet
dataset\kertas\paper81.jpg,kertas,trashnet
dataset\kertas\paper82.jpg,kertas,trashnet
dataset\kertas\paper83.jpg,kertas,trashnet
dataset\kertas\paper84.jpg,kertas,trashnet
dataset\kertas\paper85.jpg,kertas,trashnet
dataset\kertas\paper86.jpg,kertas,trashnet
dataset\kertas\paper87.jpg,kertas,trashnet
dataset\kertas\paper88.jpg,kertas,trashnet
dataset\kertas\paper89.jpg,kertas,trashnet
dataset\kertas\paper9.jpg,kertas,trashnet
dataset\kertas\paper90.jpg,kertas,trashnet
dataset\kertas\paper91.jpg,kertas,trashnet
dataset\kertas\paper92.jpg,kertas,trashnet
dataset\kertas\paper93.jpg,kertas,trashnet
dataset\kertas\paper94.jpg,kertas,trashnet
dataset\kertas\paper95.jpg,kertas,trashnet
dataset\kertas\paper96.jpg,kertas,trashnet
dataset\kertas\paper97.jpg,kertas,trashnet
dataset\kertas\paper98.jpg,kertas,trashnet
dataset\kertas\paper99.jpg,kertas,trashnet
dataset\plastik\20260819_182442_022705_plastik_0.52.jpg,plastik,real
dataset\plastik\20260819_182443_230750.jpg,plastik,real
dataset\plastik\20260819_182456_191916.jpg,plastik,real
dataset\plastik\20260819_182503_468549.jpg,plastik,real
dataset\plastik\20260819_182516_331065.jpg,plastik,real
dataset\plastik\20260819_182616_629678.jpg,plastik,real
dataset\plastik\20260819_182631_309158.jpg,plastik,real
dataset\plastik\20260819_182644_500489.jpg,plastik,real
dataset\plastik\20260819_182748_006652.jpg,plastik,real
dataset\plastik\20260819_182759_660154.jpg,plastik,real
dataset\plastik\20260819_182850_825074.jpg,plastik,real
dataset\plastik\20260819_182908_503235.jpg,plastik,real
dataset\plastik\20260819_182918_413241.jpg,plastik,real
dataset\plastik\20260819_182954_281942.jpg,plastik,real
dataset\plastik\20260819_183002_496644.jpg,plastik,real
dataset\plastik\20260819_183038_445600.jpg,plastik,real
dataset\plastik\20260823_010343_378909.jpg,plastik,real
dataset\plastik\20260823_010428_025113.jpg,plastik,real
dataset\plastik\20260823_010501_615465_kertas_0.51.jpg,plastik,real
dataset\plastik\20260823_010502_793317.jpg,plastik,real
dataset\plastik\20260823_010524_640098.jpg,plastik,real
dataset\plastik\20260823_010547_941882.jpg,plastik,real
dataset\plastik\20260823_010553_739609.jpg,plastik,real
dataset\plastik\20260823_010611_176257.jpg,plastik,real
dataset\plastik\20260827_151434_550675.jpg,plastik,real
dataset\plastik\20260827_151922_545751.jpg,plastik,real
dataset\plastik\20260827_152108_095705.jpg,plastik,real
dataset\plastik\20260827_152756_414871.jpg,plastik,real
dataset\plastik\20260827_165035_966779.jpg,plastik,real
dataset\plastik\20260827_165552_040842.jpg,plastik,real
dataset\plastik\20260827_165611_171252.jpg,plastik,real
dataset\plastik\20260827_165655_871454.jpg,plastik,real
dataset\plastik\20260827_165714_975259.jpg,plastik,real
dataset\plastik\20260827_165818_440773.jpg,plastik,real
dataset\plastik\20260827_165841_133332.jpg,plastik,real
dataset\plastik\20260827_170326_317819.jpg,plastik,real
dataset\plastik\20260827_170738_531440.jpg,plastik,real
dataset\plastik\20260827_170802_440691.jpg,plastik,real
dataset\plastik\20260827_172021_539181.jpg,plastik,real
dataset\plastik\20260827_172034_971477.jpg,plastik,real
dataset\plastik\20260827_172049_181733.jpg,plastik,real
dataset\plastik\20260827_172248_480758.jpg,plastik,real
dataset\plastik\20260827_172259_223441_plastik_0.47.jpg,plastik,real
dataset\plastik\20260827_173740_781778.jpg,plastik,real
dataset\plastik\20260827_173837_672667.jpg,plastik,real
dataset\plastik\20260827_174639_801637.jpg,plastik,real
dataset\plastik\20260827_174654_476481.jpg,plastik,real
dataset\plastik\20260827_174713_421976.jpg,plastik,real
dataset\plastik\20260827_174724_924598.jpg,plastik,real
dataset\plastik\20260827_175325_704339.jpg,plastik,real
dataset\plastik\20260827_175334_731936.jpg,plastik,real
dataset\plastik\20260827_175344_629935.jpg,plastik,real
dataset\plastik\20260827_175354_272567.jpg,plastik,real
dataset\plastik\20260827_175408_149657.jpg,plastik,real
dataset\plastik\20260827_175419_210630.jpg,plastik,real
dataset\plastik\20260827_175433_318921.jpg,plastik,real
dataset\plastik\20260827_180333_524560.jpg,plastik,real
dataset\plastik\20260827_180341_193855.jpg,plastik,real
dataset\plastik\20260827_180353_412733.jpg,plastik,real
dataset\plastik\20260827_180413_003471.jpg,plastik,real
dataset\plastik\20260827_180419_837852.jpg,plastik,real
dataset\plastik\20260827_180432_188907.jpg,plastik,real
dataset\plastik\20260827_181037_568208.jpg,plastik,real
dataset\plastik\20260827_181116_735248.jpg,plastik,real
dataset\plastik\20260827_181123_453721.jpg,plastik,real
dataset\plastik\20260827_181136_479291.jpg,plastik,real
dataset\plastik\20260827_181245_408321.jpg,plastik,real
dataset\plastik\20260827_181251_089934.jpg,plastik,real
dataset\plastik\20260827_181257_928774.jpg,plastik,real
dataset\plastik\20260827_181314_511811.jpg,plastik,real
dataset\plastik\20260827_181320_997248.jpg,plastik,real
dataset\plastik\20260827_181355_159089.jpg,plastik,real
dataset\plastik\20260827_181407_246744_plastik_0.55.jpg,plastik,real
dataset\plastik\20260827_181743_509441.jpg,plastik,real
dataset\plastik\20260827_181821_678859.jpg,plastik,real
dataset\plastik\20260827_203522_623325.jpg,plastik,real
dataset\plastik\20260827_203622_698781.jpg,plastik,real
dataset\plastik\20260827_203630_263489.jpg,plastik,real
dataset\plastik\20260827_203700_174636.jpg,plastik,real
dataset\plastik\20260827_203706_060884.jpg,plastik,real
dataset\plastik\20260827_203711_863860.jpg,plastik,real
dataset\plastik\20260827_203747_599674.jpg,plastik,real
dataset\plastik\20260827_203754_550118_daun_0.48.jpg,plastik,real
dataset\plastik\20260827_203813_157106.jpg,plastik,real
dataset\plastik\20260827_203829_121354_plastik_0.59.jpg,plastik,real
dataset\plastik\20260827_203945_529107_kaleng_0.37.jpg,plastik,real
dataset\plastik\20260827_204129_539796.jpg,plastik,real
dataset\plastik\20260827_204221_116754.jpg,plastik,real
dataset\plastik\20260827_204246_622659.jpg,plastik,real
dataset\plastik\20260828_083809_749367.jpg,plastik,real
dataset\plastik\20260828_083924_097494.jpg,plastik,real
dataset\plastik\20260828_084116_556612.jpg,plastik,real
dataset\plastik\20260828_084236_805770.jpg,plastik,real
dataset\plastik\20260828_084357_418516.jpg,plastik,real
dataset\plastik\20260828_084607_827890.jpg,plastik,real
dataset\plastik\20260828_084654_516304.jpg,plastik,real
dataset\plastik\20260828_084740_391351.jpg,plastik,real
dataset\plastik\20260828_084829_258284.jpg,plastik,real
dataset\plastik\20260828_085033_321791.jpg,plastik,real
dataset\plastik\20260828_085058_388344.jpg,plastik,real
dataset\plastik\20260828_085440_617571.jpg,plastik,real
dataset\plastik\20260828_085546_879179.jpg,plastik,real
dataset\plastik\20260828_085609_121146.jpg,plastik,real
dataset\plastik\20260828_110935_343443.jpg,plastik,real
dataset\plastik\20260828_110954_581080.jpg,plastik,real
dataset\plastik\20260828_111013_275026.jpg,plastik,real
dataset\plastik\20260828_111159_234028.jpg,plastik,real
dataset\plastik\20260828_111357_964878.jpg,plastik,real
dataset\plastik\20260828_111406_400830.jpg,plastik,real
dataset\plastik\20260828_111412_919649.jpg,plastik,real
dataset\plastik\20260828_111419_538858.jpg,plastik,real
dataset\plastik\20260828_111426_597533.jpg,plastik,real
dataset\plastik\20260828_111445_756454.jpg,plastik,real
dataset\plastik\20260828_111634_681505.jpg,plastik,real
dataset\plastik\20260828_111725_558728.jpg,plastik,real
dataset\plastik\20260828_111731_599047.jpg,plastik,real
dataset\plastik\20260828_111736_928228.jpg,plastik,real
dataset\plastik\20260828_111742_253800.jpg,plastik,real
dataset\plastik\20260828_111752_240136.jpg,plastik,real
dataset\plastik\20260828_111807_889212.jpg,plastik,real
dataset\plastik\20260828_111815_750103.jpg,plastik,real
dataset\plastik\20260828_111824_019519.jpg,plastik,real
dataset\plastik\20260828_111842_104042.jpg,plastik,real
dataset\plastik\20260828_111850_674817.jpg,plastik,real
dataset\plastik\20260828_111903_070180.jpg,plastik,real
dataset\plastik\20260828_111920_691669.jpg,plastik,real
dataset\plastik\20260828_111928_870085.jpg,plastik,real
dataset\plastik\20260828_111939_297377.jpg,plastik,real
dataset\plastik\20260828_111944_987690.jpg,plastik,real
dataset\plastik\20260828_112015_454639.jpg,plastik,real
dataset\plastik\20260828_112029_791879_plastik_0.54.jpg,plastik,real
dataset\plastik\20260828_112038_182138.jpg,plastik,real
dataset\plastik\20260829_004230_407311.jpg,plastik,real
dataset\plastik\20260829_004305_029674.jpg,plastik,real
dataset\plastik\20260829_004315_451586.jpg,plastik,real
dataset\plastik\20260829_004322_179161.jpg,plastik,real
dataset\plastik\20260829_004342_739019.jpg,plastik,real
dataset\plastik\20260901_132453_682600.jpg,plastik,real
dataset\plastik\20260901_132630_704769.jpg,plastik,real
dataset\plastik\20260901_133124_698726_plastik_0.51.jpg,plastik,real
dataset\plastik\20260901_133126_267415.jpg,plastik,real
dataset\plastik\20260901_133127_719579_background_0.37.jpg,plastik,real
dataset\plastik\20260901_133216_321808.jpg,plastik,real
dataset\plastik\20260901_133218_956014_plastik_0.51.jpg,plastik,real
dataset\plastik\20260901_133910_449755.jpg,plastik,real
dataset\plastik\20260901_133913_656919.jpg,plastik,real
dataset\plastik\20260901_133915_512419.jpg,plastik,real
dataset\plastik\20260901_133917_368930.jpg,plastik,real
dataset\plastik\20260901_133921_384123.jpg,plastik,real
dataset\plastik\20260901_133924_864851.jpg,plastik,real
dataset\plastik\20260901_134019_375782.jpg,plastik,real
dataset\plastik\20260901_134031_276736.jpg,plastik,real
dataset\plastik\20260901_134036_347197.jpg,plastik,real
dataset\plastik\20260901_134119_217825.jpg,plastik,real
dataset\plastik\20260901_134123_079855.jpg,plastik,real
dataset\plastik\20260901_134127_238893.jpg,plastik,real
dataset\plastik\20260901_134145_018504.jpg,plastik,real
dataset\plastik\20260901_134622_403846.jpg,plastik,real
dataset\plastik\20260901_134625_873158.jpg,plastik,real
dataset\plastik\20260901_134629_379115.jpg,plastik,real
dataset\plastik\20260901_134633_507167_plastik_0.58.jpg,plastik,real
dataset\plastik\20260901_134638_414714.jpg,plastik,real
dataset\plastik\20260901_134948_092569.jpg,plastik,real
dataset\plastik\20260901_135748_842703.jpg,plastik,real
dataset\plastik\20260901_135752_368920.jpg,plastik,real
dataset\plastik\20260901_135754_960350.jpg,plastik,real
dataset\plastik\20260901_135757_077569.jpg,plastik,real
dataset\plastik\20260901_135759_938784.jpg,plastik,real
dataset\plastik\20260901_140022_199522.jpg,plastik,real
dataset\plastik\20260901_140024_857953.jpg,plastik,real
dataset\plastik\20260901_140029_308856.jpg,plastik,real
dataset\plastik\20260901_140048_800854_kaleng_0.48.jpg,plastik,real
dataset\plastik\20260901_140212_996870_plastik_0.50.jpg,plastik,real
dataset\plastik\20260901_140216_964844_kaleng_0.57.jpg,plastik,real
dataset\plastik\20260901_140218_568976.jpg,plastik,real
dataset\plastik\20260901_140352_197993_kaleng_0.52.jpg,plastik,real
dataset\plastik\20260901_140355_764657.jpg,plastik,real
dataset\plastik\20260901_140359_053542_daun_0.41.jpg,plastik,real
dataset\plastik\20260901_140537_237393.jpg,plastik,real
dataset\plastik\20260901_140621_550063.jpg,plastik,real
dataset\plastik\20260901_140629_312984_plastik_0.58.jpg,plastik,real
dataset\plastik\20260901_140631_843458.jpg,plastik,real
dataset\plastik\20260901_140634_737488.jpg,plastik,real
dataset\plastik\20260901_140640_969484.jpg,plastik,real
dataset\plastik\20260901_140830_063890.jpg,plastik,real
dataset\plastik\20260901_140837_147965.jpg,plastik,real
dataset\plastik\20260901_140839_414731.jpg,plastik,real
dataset\plastik\20260901_140853_899463.jpg,plastik,real
dataset\plastik\20260901_140856_925011.jpg,plastik,real
dataset\plastik\20260901_140900_731663.jpg,plastik,real
dataset\plastik\20260901_140922_334989.jpg,plastik,real
dataset\plastik\20260901_140946_276717.jpg,plastik,real
dataset\plastik\20260901_141001_483829.jpg,plastik,real
dataset\plastik\20260901_143401_485442.jpg,plastik,real
dataset\plastik\20260901_173353_756255.jpg,plastik,real
dataset\plastik\20260901_173456_200347.jpg,plastik,real
dataset\plastik\20260901_173652_862402.jpg,plastik,real
dataset\plastik\20260901_173722_015443.jpg,plastik,real
dataset\plastik\20260901_173731_738754.jpg,plastik,real
dataset\plastik\20260901_173924_092998.jpg,plastik,real
dataset\plastik\20260901_173944_939751.jpg,plastik,real
dataset\plastik\20260901_202944_139907.jpg,plastik,real
dataset\plastik\20260901_203027_711698.jpg,plastik,real
dataset\plastik\20260901_203050_568755.jpg,plastik,real
dataset\plastik\20260901_203343_698307_plastik_0.60.jpg,plastik,real
dataset\plastik\20260901_203359_652339.jpg,plastik,real
dataset\plastik\20260901_203404_847356.jpg,plastik,real
dataset\plastik\20260901_203413_143148.jpg,plastik,real
dataset\plastik\20260901_203427_376456.jpg,plastik,real
dataset\plastik\20260901_203504_217595.jpg,plastik,real
dataset\plastik\20260901_203514_885480.jpg,plastik,real
dataset\plastik\20260901_203519_709871.jpg,plastik,real
dataset\plastik\20260901_203523_297188.jpg,plastik,real
dataset\plastik\20260901_203526_155307.jpg,plastik,real
dataset\plastik\20260901_212031_416887.jpg,plastik,real
dataset\plastik\20260901_212143_217916.jpg,plastik,real
dataset\plastik\20260901_212337_636325.jpg,plastik,real
dataset\plastik\20260901_212415_191566.jpg,plastik,real
dataset\plastik\20260901_212431_731119.jpg,plastik,real
dataset\plastik\20260901_212433_759663.jpg,plastik,real
dataset\plastik\20260901_212503_635604.jpg,plastik,real
dataset\plastik\20260901_212506_476553.jpg,plastik,real
dataset\plastik\20260901_212511_437218.jpg,plastik,real
dataset\plastik\crop_20260827_054540_240041.jpg,plastik,real
dataset\plastik\crop_20260827_054735_651905.jpg,plastik,real
dataset\plastik\crop_20260827_054912_258943.jpg,plastik,real
dataset\plastik\crop_20260827_054946_233002.jpg,plastik,real
dataset\plastik\crop_20260827_055015_991406.jpg,plastik,real
dataset\plastik\crop_20260827_055042_795258.jpg,plastik,real
dataset\plastik\crop_20260827_055048_991409.jpg,plastik,real
dataset\plastik\crop_20260827_055054_491967.jpg,plastik,real
dataset\plastik\crop_20260827_055059_764566.jpg,plastik,real
dataset\plastik\crop_20260827_055229_685105.jpg,plastik,real
dataset\plastik\crop_20260827_055452_899119.jpg,plastik,real
dataset\plastik\crop_20260827_055457_611454.jpg,plastik,real
dataset\plastik\crop_20260827_055504_747367.jpg,plastik,real
dataset\plastik\crop_20260827_055511_029146.jpg,plastik,real
dataset\plastik\crop_20260827_055519_567254.jpg,plastik,real
dataset\plastik\crop_20260827_055535_932687.jpg,plastik,real
dataset\plastik\crop_20260827_055539_849692.jpg,plastik,real
dataset\plastik\crop_20260827_055547_131624.jpg,plastik,real
dataset\plastik\crop_20260827_055559_465088.jpg,plastik,real
dataset\plastik\crop_20260827_055607_057997.jpg,plastik,real
dataset\plastik\crop_20260827_055612_729828.jpg,plastik,real
dataset\plastik\crop_20260827_055739_754555.jpg,plastik,real
dataset\plastik\crop_20260827_055810_872845.jpg,plastik,real
dataset\plastik\crop_20260827_055819_404346.jpg,plastik,real
dataset\plastik\crop_20260827_055826_797200.jpg,plastik,real
dataset\plastik\crop_20260827_055832_270368.jpg,plastik,real
dataset\plastik\crop_20260827_055839_743134.jpg,plastik,real
dataset\plastik\crop_20260827_055843_615965.jpg,plastik,real
dataset\plastik\crop_20260827_102856_670555.jpg,plastik,real
dataset\plastik\crop_20260827_102903_889626.jpg,plastik,real
dataset\plastik\crop_20260827_102908_415902.jpg,plastik,real
dataset\plastik\crop_20260827_102940_535520.jpg,plastik,real
dataset\plastik\crop_20260827_103010_711754.jpg,plastik,real
dataset\plastik\crop_20260827_103103_945232.jpg,plastik,real
dataset\plastik\crop_20260827_103113_723968.jpg,plastik,real
dataset\plastik\crop_20260827_103118_138964.jpg,plastik,real
dataset\plastik\crop_20260827_103123_763502.jpg,plastik,real
dataset\plastik\crop_20260827_103342_618411.jpg,plastik,real
dataset\plastik\crop_20260827_103347_288119.jpg,plastik,real
dataset\plastik\crop_20260827_103425_143497.jpg,plastik,real
dataset\plastik\crop_20260827_103442_566419.jpg,plastik,real
dataset\plastik\crop_20260827_103503_404940.jpg,plastik,real
dataset\plastik\crop_20260827_103506_456343.jpg,plastik,real
dataset\plastik\crop_20260827_103508_978875.jpg,plastik,real
dataset\plastik\crop_20260827_103630_647596.jpg,plastik,real
dataset\plastik\crop_20260827_103633_818794.jpg,plastik,real
dataset\plastik\crop_20260827_103636_631290.jpg,plastik,real
dataset\plastik\crop_20260827_103640_984318.jpg,plastik,real
dataset\plastik\crop_20260827_103647_113644.jpg,plastik,real
dataset\plastik\crop_20260827_103650_397813.jpg,plastik,real
dataset\plastik\crop_20260827_103653_164283.jpg,plastik,real
dataset\plastik\crop_20260827_103658_967888.jpg,plastik,real
dataset\plastik\crop_20260827_103716_807062.jpg,plastik,real
dataset\plastik\crop_20260827_103720_648376.jpg,plastik,real
dataset\plastik\crop_20260827_103726_182849.jpg,plastik,real
dataset\plastik\crop_20260827_103729_788161.jpg,plastik,real
dataset\plastik\crop_20260827_104104_243828.jpg,plastik,real
dataset\plastik\crop_20260827_104128_111358.jpg,plastik,real
dataset\plastik\crop_20260827_104131_299052.jpg,plastik,real
dataset\plastik\crop_20260827_104133_773262.jpg,plastik,real
dataset\plastik\crop_20260827_104141_247408.jpg,plastik,real
dataset\plastik\crop_20260827_104144_664923.jpg,plastik,real
dataset\plastik\crop_20260827_104147_967257.jpg,plastik,real
dataset\plastik\crop_20260827_104151_034521.jpg,plastik,real
dataset\plastik\crop_20260827_121533_524643.jpg,plastik,real
dataset\plastik\crop_20260827_121547_244368.jpg,plastik,real
dataset\plastik\crop_20260827_121628_951632.jpg,plastik,real
dataset\plastik\crop_20260827_121942_425252.jpg,plastik,real
dataset\plastik\crop_20260827_122003_309627.jpg,plastik,real
dataset\plastik\crop_20260827_122026_593775.jpg,plastik,real
dataset\plastik\crop_20260827_122750_183522.jpg,plastik,real
dataset\plastik\crop_20260827_123026_757729.jpg,plastik,real
dataset\plastik\crop_20260827_123031_425079.jpg,plastik,real
dataset\plastik\crop_20260827_123544_851968.jpg,plastik,real
dataset\plastik\crop_20260827_123915_564166.jpg,plastik,real
dataset\plastik\crop_20260827_123935_536074.jpg,plastik,real
dataset\plastik\crop_20260827_124104_092640.jpg,plastik,real
dataset\plastik\crop_20260827_124128_097698.jpg,plastik,real
dataset\plastik\crop_20260827_124219_486746.jpg,plastik,real
dataset\plastik\crop_20260827_124654_980886.jpg,plastik,real
dataset\plastik\crop_20260827_124705_254414.jpg,plastik,real
dataset\plastik\crop_20260827_124705_810322.jpg,plastik,real
dataset\plastik\crop_20260827_124730_610192.jpg,plastik,real
dataset\plastik\crop_20260827_124738_997536.jpg,plastik,real
dataset\plastik\crop_20260827_124742_454173.jpg,plastik,real
dataset\plastik\crop_20260827_124746_017212.jpg,plastik,real
dataset\plastik\crop_20260827_124751_240215.jpg,plastik,real
dataset\plastik\crop_20260827_124755_608743.jpg,plastik,real
dataset\plastik\crop_20260827_124758_871024.jpg,plastik,real
dataset\plastik\crop_20260827_124801_836198.jpg,plastik,real
dataset\plastik\crop_20260827_124804_602647.jpg,plastik,real
dataset\plastik\crop_20260827_124818_010074.jpg,plastik,real
dataset\plastik\crop_20260827_124823_026769.jpg,plastik,real
dataset\plastik\crop_20260827_124828_149158.jpg,plastik,real
dataset\plastik\crop_20260827_124837_993290.jpg,plastik,real
dataset\plastik\crop_20260827_124911_523890.jpg,plastik,real
dataset\plastik\crop_20260827_124925_328002.jpg,plastik,real
dataset\plastik\crop_20260827_124933_364378.jpg,plastik,real
dataset\plastik\crop_20260827_124936_514873.jpg,plastik,real
dataset\plastik\crop_20260827_124941_490187.jpg,plastik,real
dataset\plastik\crop_20260827_124944_903034.jpg,plastik,real
dataset\plastik\crop_20260827_124948_327923.jpg,plastik,real
dataset\plastik\crop_20260827_125002_323805.jpg,plastik,real
dataset\plastik\crop_20260827_125005_989312.jpg,plastik,real
dataset\plastik\crop_20260827_125013_767069.jpg,plastik,real
dataset\plastik\crop_20260827_125021_251510.jpg,plastik,real
dataset\plastik\crop_20260827_125134_600171.jpg,plastik,real
dataset\plastik\crop_20260827_125140_078045.jpg,plastik,real
dataset\plastik\crop_20260827_125143_684296.jpg,plastik,real
dataset\plastik\crop_20260827_125146_547786.jpg,plastik,real
dataset\plastik\crop_20260827_125150_719807.jpg,plastik,real
dataset\plastik\crop_20260827_125154_181951.jpg,plastik,real
dataset\plastik\crop_20260827_125156_553872.jpg,plastik,real
dataset\plastik\crop_20260827_125159_610185.jpg,plastik,real
dataset\plastik\plastic1.jpg,plastik,trashnet
dataset\plastik\plastic10.jpg,plastik,trashnet
dataset\plastik\plastic100.jpg,plastik,trashnet
dataset\plastik\plastic101.jpg,plastik,trashnet
dataset\plastik\plastic102.jpg,plastik,trashnet
dataset\plastik\plastic103.jpg,plastik,trashnet
dataset\plastik\plastic104.jpg,plastik,trashnet
dataset\plastik\plastic105.jpg,plastik,trashnet
dataset\plastik\plastic106.jpg,plastik,trashnet
dataset\plastik\plastic107.jpg,plastik,trashnet
dataset\plastik\plastic108.jpg,plastik,trashnet
dataset\plastik\plastic109.jpg,plastik,trashnet
dataset\plastik\plastic11.jpg,plastik,trashnet
dataset\plastik\plastic110.jpg,plastik,trashnet
dataset\plastik\plastic111.jpg,plastik,trashnet
dataset\plastik\plastic112.jpg,plastik,trashnet
dataset\plastik\plastic113.jpg,plastik,trashnet
dataset\plastik\plastic114.jpg,plastik,trashnet
dataset\plastik\plastic115.jpg,plastik,trashnet
dataset\plastik\plastic116.jpg,plastik,trashnet
dataset\plastik\plastic117.jpg,plastik,trashnet
dataset\plastik\plastic118.jpg,plastik,trashnet
dataset\plastik\plastic119.jpg,plastik,trashnet
dataset\plastik\plastic12.jpg,plastik,trashnet
dataset\plastik\plastic120.jpg,plastik,trashnet
dataset\plastik\plastic121.jpg,plastik,trashnet
dataset\plastik\plastic122.jpg,plastik,trashnet
dataset\plastik\plastic123.jpg,plastik,trashnet
dataset\plastik\plastic124.jpg,plastik,trashnet
dataset\plastik\plastic125.jpg,plastik,trashnet
dataset\plastik\plastic126.jpg,plastik,trashnet
dataset\plastik\plastic127.jpg,plastik,trashnet
dataset\plastik\plastic128.jpg,plastik,trashnet
dataset\plastik\plastic129.jpg,plastik,trashnet
dataset\plastik\plastic13.jpg,plastik,trashnet
dataset\plastik\plastic130.jpg,plastik,trashnet
dataset\plastik\plastic131.jpg,plastik,trashnet
dataset\plastik\plastic132.jpg,plastik,trashnet
dataset\plastik\plastic133.jpg,plastik,trashnet
dataset\plastik\plastic134.jpg,plastik,trashnet
dataset\plastik\plastic135.jpg,plastik,trashnet
dataset\plastik\plastic136.jpg,plastik,trashnet
dataset\plastik\plastic137.jpg,plastik,trashnet
dataset\plastik\plastic138.jpg,plastik,trashnet
dataset\plastik\plastic139.jpg,plastik,trashnet
dataset\plastik\plastic14.jpg,plastik,trashnet
dataset\plastik\plastic140.jpg,plastik,trashnet
dataset\plastik\plastic141.jpg,plastik,trashnet
dataset\plastik\plastic142.jpg,plastik,trashnet
dataset\plastik\plastic143.jpg,plastik,trashnet
dataset\plastik\plastic144.jpg,plastik,trashnet
dataset\plastik\plastic145.jpg,plastik,trashnet
dataset\plastik\plastic146.jpg,plastik,trashnet
dataset\plastik\plastic147.jpg,plastik,trashnet
dataset\plastik\plastic148.jpg,plastik,trashnet
dataset\plastik\plastic149.jpg,plastik,trashnet
dataset\plastik\plastic15.jpg,plastik,trashnet
dataset\plastik\plastic150.jpg,plastik,trashnet
dataset\plastik\plastic151.jpg,plastik,trashnet
dataset\plastik\plastic152.jpg,plastik,trashnet
dataset\plastik\plastic153.jpg,plastik,trashnet
dataset\plastik\plastic154.jpg,plastik,trashnet
dataset\plastik\plastic155.jpg,plastik,trashnet
dataset\plastik\plastic156.jpg,plastik,trashnet
dataset\plastik\plastic157.jpg,plastik,trashnet
dataset\plastik\plastic158.jpg,plastik,trashnet
dataset\plastik\plastic159.jpg,plastik,trashnet
dataset\plastik\plastic16.jpg,plastik,trashnet
dataset\plastik\plastic160.jpg,plastik,trashnet
dataset\plastik\plastic161.jpg,plastik,trashnet
dataset\plastik\plastic162.jpg,plastik,trashnet
dataset\plastik\plastic163.jpg,plastik,trashnet
dataset\plastik\plastic164.jpg,plastik,trashnet
dataset\plastik\plastic165.jpg,plastik,trashnet
dataset\plastik\plastic166.jpg,plastik,trashnet
dataset\plastik\plastic167.jpg,plastik,trashnet
dataset\plastik\plastic168.jpg,plastik,trashnet
dataset\plastik\plastic169.jpg,plastik,trashnet
dataset\plastik\plastic17.jpg,plastik,trashnet
dataset\plastik\plastic170.jpg,plastik,trashnet
dataset\plastik\plastic171.jpg,plastik,trashnet
dataset\plastik\plastic172.jpg,plastik,trashnet
dataset\plastik\plastic173.jpg,plastik,trashnet
dataset\plastik\plastic174.jpg,plastik,trashnet
dataset\plastik\plastic175.jpg,plastik,trashnet
dataset\plastik\plastic176.jpg,plastik,trashnet
dataset\plastik\plastic177.jpg,plastik,trashnet
dataset\plastik\plastic178.jpg,plastik,trashnet
dataset\plastik\plastic179.jpg,plastik,trashnet
dataset\plastik\plastic18.jpg,plastik,trashnet
dataset\plastik\plastic180.jpg,plastik,trashnet
dataset\plastik\plastic181.jpg,plastik,trashnet
dataset\plastik\plastic182.jpg,plastik,trashnet
dataset\plastik\plastic183.jpg,plastik,trashnet
dataset\plastik\plastic184.jpg,plastik,trashnet
dataset\plastik\plastic185.jpg,plastik,trashnet
dataset\plastik\plastic186.jpg,plastik,trashnet
dataset\plastik\plastic187.jpg,plastik,trashnet
dataset\plastik\plastic188.jpg,plastik,trashnet
dataset\plastik\plastic189.jpg,plastik,trashnet
dataset\plastik\plastic19.jpg,plastik,trashnet
dataset\plastik\plastic190.jpg,plastik,trashnet
dataset\plastik\plastic191.jpg,plastik,trashnet
dataset\plastik\plastic192.jpg,plastik,trashnet
dataset\plastik\plastic193.jpg,plastik,trashnet
dataset\plastik\plastic194.jpg,plastik,trashnet
dataset\plastik\plastic195.jpg,plastik,trashnet
dataset\plastik\plastic196.jpg,plastik,trashnet
dataset\plastik\plastic197.jpg,plastik,trashnet
dataset\plastik\plastic198.jpg,plastik,trashnet
dataset\plastik\plastic199.jpg,plastik,trashnet
dataset\plastik\plastic2.jpg,plastik,trashnet
dataset\plastik\plastic20.jpg,plastik,trashnet
dataset\plastik\plastic200.jpg,plastik,trashnet
dataset\plastik\plastic201.jpg,plastik,trashnet
dataset\plastik\plastic202.jpg,plastik,trashnet
dataset\plastik\plastic203.jpg,plastik,trashnet
dataset\plastik\plastic204.jpg,plastik,trashnet
dataset\plastik\plastic205.jpg,plastik,trashnet
dataset\plastik\plastic206.jpg,plastik,trashnet
dataset\plastik\plastic207.jpg,plastik,trashnet
dataset\plastik\plastic208.jpg,plastik,trashnet
dataset\plastik\plastic209.jpg,plastik,trashnet
dataset\plastik\plastic21.jpg,plastik,trashnet
dataset\plastik\plastic210.jpg,plastik,trashnet
dataset\plastik\plastic211.jpg,plastik,trashnet
dataset\plastik\plastic212.jpg,plastik,trashnet
dataset\plastik\plastic213.jpg,plastik,trashnet
dataset\plastik\plastic214.jpg,plastik,trashnet
dataset\plastik\plastic215.jpg,plastik,trashnet
dataset\plastik\plastic216.jpg,plastik,trashnet
dataset\plastik\plastic217.jpg,plastik,trashnet
dataset\plastik\plastic218.jpg,plastik,trashnet
dataset\plastik\plastic219.jpg,plastik,trashnet
dataset\plastik\plastic22.jpg,plastik,trashnet
dataset\plastik\plastic220.jpg,plastik,trashnet
dataset\plastik\plastic221.jpg,plastik,trashnet
dataset\plastik\plastic222.jpg,plastik,trashnet
dataset\plastik\plastic223.jpg,plastik,trashnet
dataset\plastik\plastic224.jpg,plastik,trashnet
dataset\plastik\plastic225.jpg,plastik,trashnet
dataset\plastik\plastic226.jpg,plastik,trashnet
dataset\plastik\plastic227.jpg,plastik,trashnet
dataset\plastik\plastic228.jpg,plastik,trashnet
dataset\plastik\plastic229.jpg,plastik,trashnet
dataset\plastik\plastic23.jpg,plastik,trashnet
dataset\plastik\plastic230.jpg,plastik,trashnet
dataset\plastik\plastic231.jpg,plastik,trashnet
dataset\plastik\plastic232.jpg,plastik,trashnet
dataset\plastik\plastic233.jpg,plastik,trashnet
dataset\plastik\plastic234.jpg,plastik,trashnet
dataset\plastik\plastic235.jpg,plastik,trashnet
dataset\plastik\plastic236.jpg,plastik,trashnet
dataset\plastik\plastic237.jpg,plastik,trashnet
dataset\plastik\plastic238.jpg,plastik,trashnet
dataset\plastik\plastic239.jpg,plastik,trashnet
dataset\plastik\plastic24.jpg,plastik,trashnet
dataset\plastik\plastic240.jpg,plastik,trashnet
dataset\plastik\plastic241.jpg,plastik,trashnet
dataset\plastik\plastic242.jpg,plastik,trashnet
dataset\plastik\plastic243.jpg,plastik,trashnet
dataset\plastik\plastic244.jpg,plastik,trashnet
dataset\plastik\plastic245.jpg,plastik,trashnet
dataset\plastik\plastic246.jpg,plastik,trashnet
dataset\plastik\plastic247.jpg,plastik,trashnet
dataset\plastik\plastic248.jpg,plastik,trashnet
dataset\plastik\plastic249.jpg,plastik,trashnet
dataset\plastik\plastic25.jpg,plastik,trashnet
dataset\plastik\plastic250.jpg,plastik,trashnet
dataset\plastik\plastic251.jpg,plastik,trashnet
dataset\plastik\plastic252.jpg,plastik,trashnet
dataset\plastik\plastic253.jpg,plastik,trashnet
dataset\plastik\plastic254.jpg,plastik,trashnet
dataset\plastik\plastic255.jpg,plastik,trashnet
dataset\plastik\plastic256.jpg,plastik,trashnet
dataset\plastik\plastic257.jpg,plastik,trashnet
dataset\plastik\plastic258.jpg,plastik,trashnet
dataset\plastik\plastic259.jpg,plastik,trashnet
dataset\plastik\plastic26.jpg,plastik,trashnet
dataset\plastik\plastic260.jpg,plastik,trashnet
dataset\plastik\plastic261.jpg,plastik,trashnet
dataset\plastik\plastic262.jpg,plastik,trashnet
dataset\plastik\plastic263.jpg,plastik,trashnet
dataset\plastik\plastic264.jpg,plastik,trashnet
dataset\plastik\plastic265.jpg,plastik,trashnet
dataset\plastik\plastic266.jpg,plastik,trashnet
dataset\plastik\plastic267.jpg,plastik,trashnet
dataset\plastik\plastic268.jpg,plastik,trashnet
dataset\plastik\plastic269.jpg,plastik,trashnet
dataset\plastik\plastic27.jpg,plastik,trashnet
dataset\plastik\plastic270.jpg,plastik,trashnet
dataset\plastik\plastic271.jpg,plastik,trashnet
dataset\plastik\plastic272.jpg,plastik,trashnet
dataset\plastik\plastic273.jpg,plastik,trashnet
dataset\plastik\plastic274.jpg,plastik,trashnet
dataset\plastik\plastic275.jpg,plastik,trashnet
dataset\plastik\plastic276.jpg,plastik,trashnet
dataset\plastik\plastic277.jpg,plastik,trashnet
dataset\plastik\plastic278.jpg,plastik,trashnet
dataset\plastik\plastic279.jpg,plastik,trashnet
dataset\plastik\plastic28.jpg,plastik,trashnet
dataset\plastik\plastic280.jpg,plastik,trashnet
dataset\plastik\plastic281.jpg,plastik,trashnet
dataset\plastik\plastic282.jpg,plastik,trashnet
dataset\plastik\plastic283.jpg,plastik,trashnet
dataset\plastik\plastic284.jpg,plastik,trashnet
dataset\plastik\plastic285.jpg,plastik,trashnet
dataset\plastik\plastic286.jpg,plastik,trashnet
dataset\plastik\plastic287.jpg,plastik,trashnet
dataset\plastik\plastic288.jpg,plastik,trashnet
dataset\plastik\plastic289.jpg,plastik,trashnet
dataset\plastik\plastic29.jpg,plastik,trashnet
dataset\plastik\plastic290.jpg,plastik,trashnet
dataset\plastik\plastic291.jpg,plastik,trashnet
dataset\plastik\plastic292.jpg,plastik,trashnet
dataset\plastik\plastic293.jpg,plastik,trashnet
dataset\plastik\plastic294.jpg,plastik,trashnet
dataset\plastik\plastic295.jpg,plastik,trashnet
dataset\plastik\plastic296.jpg,plastik,trashnet
dataset\plastik\plastic297.jpg,plastik,trashnet
dataset\plastik\plastic298.jpg,plastik,trashnet
dataset\plastik\plastic299.jpg,plastik,trashnet
dataset\plastik\plastic3.jpg,plastik,trashnet
dataset\plastik\plastic30.jpg,plastik,trashnet
dataset\plastik\plastic300.jpg,plastik,trashnet
dataset\plastik\plastic301.jpg,plastik,trashnet
dataset\plastik\plastic302.jpg,plastik,trashnet
dataset\plastik\plastic303.jpg,plastik,trashnet
dataset\plastik\plastic304.jpg,plastik,trashnet
dataset\plastik\plastic305.jpg,plastik,trashnet
dataset\plastik\plastic306.jpg,plastik,trashnet
dataset\plastik\plastic307.jpg,plastik,trashnet
dataset\plastik\plastic308.jpg,plastik,trashnet
dataset\plastik\plastic309.jpg,plastik,trashnet
dataset\plastik\plastic31.jpg,plastik,trashnet
dataset\plastik\plastic310.jpg,plastik,trashnet
dataset\plastik\plastic311.jpg,plastik,trashnet
dataset\plastik\plastic312.jpg,plastik,trashnet
dataset\plastik\plastic313.jpg,plastik,trashnet
dataset\plastik\plastic314.jpg,plastik,trashnet
dataset\plastik\plastic315.jpg,plastik,trashnet
dataset\plastik\plastic316.jpg,plastik,trashnet
dataset\plastik\plastic317.jpg,plastik,trashnet
dataset\plastik\plastic318.jpg,plastik,trashnet
dataset\plastik\plastic319.jpg,plastik,trashnet
dataset\plastik\plastic32.jpg,plastik,trashnet
dataset\plastik\plastic320.jpg,plastik,trashnet
dataset\plastik\plastic321.jpg,plastik,trashnet
dataset\plastik\plastic322.jpg,plastik,trashnet
dataset\plastik\plastic323.jpg,plastik,trashnet
dataset\plastik\plastic324.jpg,plastik,trashnet
dataset\plastik\plastic325.jpg,plastik,trashnet
dataset\plastik\plastic326.jpg,plastik,trashnet
dataset\plastik\plastic327.jpg,plastik,trashnet
dataset\plastik\plastic328.jpg,plastik,trashnet
dataset\plastik\plastic329.jpg,plastik,trashnet
dataset\plastik\plastic33.jpg,plastik,trashnet
dataset\plastik\plastic330.jpg,plastik,trashnet
dataset\plastik\plastic331.jpg,plastik,trashnet
dataset\plastik\plastic332.jpg,plastik,trashnet
dataset\plastik\plastic333.jpg,plastik,trashnet
dataset\plastik\plastic334.jpg,plastik,trashnet
dataset\plastik\plastic335.jpg,plastik,trashnet
dataset\plastik\plastic336.jpg,plastik,trashnet
dataset\plastik\plastic337.jpg,plastik,trashnet
dataset\plastik\plastic338.jpg,plastik,trashnet
dataset\plastik\plastic339.jpg,plastik,trashnet
dataset\plastik\plastic34.jpg,plastik,trashnet
dataset\plastik\plastic340.jpg,plastik,trashnet
dataset\plastik\plastic341.jpg,plastik,trashnet
dataset\plastik\plastic342.jpg,plastik,trashnet
dataset\plastik\plastic343.jpg,plastik,trashnet
dataset\plastik\plastic344.jpg,plastik,trashnet
dataset\plastik\plastic345.jpg,plastik,trashnet
dataset\plastik\plastic346.jpg,plastik,trashnet
dataset\plastik\plastic347.jpg,plastik,trashnet
dataset\plastik\plastic348.jpg,plastik,trashnet
dataset\plastik\plastic349.jpg,plastik,trashnet
dataset\plastik\plastic35.jpg,plastik,trashnet
dataset\plastik\plastic350.jpg,plastik,trashnet
dataset\plastik\plastic351.jpg,plastik,trashnet
dataset\plastik\plastic352.jpg,plastik,trashnet
dataset\plastik\plastic353.jpg,plastik,trashnet
dataset\plastik\plastic354.jpg,plastik,trashnet
dataset\plastik\plastic355.jpg,plastik,trashnet
dataset\plastik\plastic356.jpg,plastik,trashnet
dataset\plastik\plastic357.jpg,plastik,trashnet
dataset\plastik\plastic358.jpg,plastik,trashnet
dataset\plastik\plastic359.jpg,plastik,trashnet
dataset\plastik\plastic36.jpg,plastik,trashnet
dataset\plastik\plastic360.jpg,plastik,trashnet
dataset\plastik\plastic361.jpg,plastik,trashnet
dataset\plastik\plastic362.jpg,plastik,trashnet
dataset\plastik\plastic363.jpg,plastik,trashnet
dataset\plastik\plastic364.jpg,plastik,trashnet
dataset\plastik\plastic365.jpg,plastik,trashnet
dataset\plastik\plastic366.jpg,plastik,trashnet
dataset\plastik\plastic367.jpg,plastik,trashnet
dataset\plastik\plastic368.jpg,plastik,trashnet
dataset\plastik\plastic369.jpg,plastik,trashnet
dataset\plastik\plastic37.jpg,plastik,trashnet
dataset\plastik\plastic370.jpg,plastik,trashnet
dataset\plastik\plastic371.jpg,plastik,trashnet
dataset\plastik\plastic372.jpg,plastik,trashnet
dataset\plastik\plastic373.jpg,plastik,trashnet
dataset\plastik\plastic374.jpg,plastik,trashnet
dataset\plastik\plastic375.jpg,plastik,trashnet
dataset\plastik\plastic376.jpg,plastik,trashnet
dataset\plastik\plastic377.jpg,plastik,trashnet
dataset\plastik\plastic378.jpg,plastik,trashnet
dataset\plastik\plastic379.jpg,plastik,trashnet
dataset\plastik\plastic38.jpg,plastik,trashnet
dataset\plastik\plastic380.jpg,plastik,trashnet
dataset\plastik\plastic381.jpg,plastik,trashnet
dataset\plastik\plastic382.jpg,plastik,trashnet
dataset\plastik\plastic383.jpg,plastik,trashnet
dataset\plastik\plastic384.jpg,plastik,trashnet
dataset\plastik\plastic385.jpg,plastik,trashnet
dataset\plastik\plastic386.jpg,plastik,trashnet
dataset\plastik\plastic387.jpg,plastik,trashnet
dataset\plastik\plastic388.jpg,plastik,trashnet
dataset\plastik\plastic389.jpg,plastik,trashnet
dataset\plastik\plastic39.jpg,plastik,trashnet
dataset\plastik\plastic390.jpg,plastik,trashnet
dataset\plastik\plastic391.jpg,plastik,trashnet
dataset\plastik\plastic392.jpg,plastik,trashnet
dataset\plastik\plastic393.jpg,plastik,trashnet
dataset\plastik\plastic394.jpg,plastik,trashnet
dataset\plastik\plastic395.jpg,plastik,trashnet
dataset\plastik\plastic396.jpg,plastik,trashnet
dataset\plastik\plastic397.jpg,plastik,trashnet
dataset\plastik\plastic398.jpg,plastik,trashnet
dataset\plastik\plastic399.jpg,plastik,trashnet
dataset\plastik\plastic4.jpg,plastik,trashnet
dataset\plastik\plastic40.jpg,plastik,trashnet
dataset\plastik\plastic400.jpg,plastik,trashnet
dataset\plastik\plastic401.jpg,plastik,trashnet
dataset\plastik\plastic402.jpg,plastik,trashnet
dataset\plastik\plastic403.jpg,plastik,trashnet
dataset\plastik\plastic404.jpg,plastik,trashnet
dataset\plastik\plastic405.jpg,plastik,trashnet
dataset\plastik\plastic406.jpg,plastik,trashnet
dataset\plastik\plastic407.jpg,plastik,trashnet
dataset\plastik\plastic408.jpg,plastik,trashnet
dataset\plastik\plastic409.jpg,plastik,trashnet
dataset\plastik\plastic41.jpg,plastik,trashnet
dataset\plastik\plastic410.jpg,plastik,trashnet
dataset\plastik\plastic411.jpg,plastik,trashnet
dataset\plastik\plastic412.jpg,plastik,trashnet
dataset\plastik\plastic413.jpg,plastik,trashnet
dataset\plastik\plastic414.jpg,plastik,trashnet
dataset\plastik\plastic415.jpg,plastik,trashnet
dataset\plastik\plastic416.jpg,plastik,trashnet
dataset\plastik\plastic417.jpg,plastik,trashnet
dataset\plastik\plastic418.jpg,plastik,trashnet
dataset\plastik\plastic419.jpg,plastik,trashnet
dataset\plastik\plastic42.jpg,plastik,trashnet
dataset\plastik\plastic420.jpg,plastik,trashnet
dataset\plastik\plastic421.jpg,plastik,trashnet
dataset\plastik\plastic422.jpg,plastik,trashnet
dataset\plastik\plastic423.jpg,plastik,trashnet
dataset\plastik\plastic424.jpg,plastik,trashnet
dataset\plastik\plastic425.jpg,plastik,trashnet
dataset\plastik\plastic426.jpg,plastik,trashnet
dataset\plastik\plastic427.jpg,plastik,trashnet
dataset\plastik\plastic428.jpg,plastik,trashnet
dataset\plastik\plastic429.jpg,plastik,trashnet
dataset\plastik\plastic43.jpg,plastik,trashnet
dataset\plastik\plastic430.jpg,plastik,trashnet
dataset\plastik\plastic431.jpg,plastik,trashnet
dataset\plastik\plastic432.jpg,plastik,trashnet
dataset\plastik\plastic433.jpg,plastik,trashnet
dataset\plastik\plastic434.jpg,plastik,trashnet
dataset\plastik\plastic435.jpg,plastik,trashnet
dataset\plastik\plastic436.jpg,plastik,trashnet
dataset\plastik\plastic437.jpg,plastik,trashnet
dataset\plastik\plastic438.jpg,plastik,trashnet
dataset\plastik\plastic439.jpg,plastik,trashnet
dataset\plastik\plastic44.jpg,plastik,trashnet
dataset\plastik\plastic440.jpg,plastik,trashnet
dataset\plastik\plastic441.jpg,plastik,trashnet
dataset\plastik\plastic442.jpg,plastik,trashnet
dataset\plastik\plastic443.jpg,plastik,trashnet
dataset\plastik\plastic444.jpg,plastik,trashnet
dataset\plastik\plastic445.jpg,plastik,trashnet
dataset\plastik\plastic446.jpg,plastik,trashnet
dataset\plastik\plastic447.jpg,plastik,trashnet
dataset\plastik\plastic448.jpg,plastik,trashnet
dataset\plastik\plastic449.jpg,plastik,trashnet
dataset\plastik\plastic45.jpg,plastik,trashnet
dataset\plastik\plastic450.jpg,plastik,trashnet
dataset\plastik\plastic451.jpg,plastik,trashnet
dataset\plastik\plastic452.jpg,plastik,trashnet
dataset\plastik\plastic453.jpg,plastik,trashnet
dataset\plastik\plastic454.jpg,plastik,trashnet
dataset\plastik\plastic455.jpg,plastik,trashnet
dataset\plastik\plastic456.jpg,plastik,trashnet
dataset\plastik\plastic457.jpg,plastik,trashnet
dataset\plastik\plastic458.jpg,plastik,trashnet
dataset\plastik\plastic459.jpg,plastik,trashnet
dataset\plastik\plastic46.jpg,plastik,trashnet
dataset\plastik\plastic460.jpg,plastik,trashnet
dataset\plastik\plastic461.jpg,plastik,trashnet
dataset\plastik\plastic462.jpg,plastik,trashnet
dataset\plastik\plastic463.jpg,plastik,trashnet
dataset\plastik\plastic464.jpg,plastik,trashnet
dataset\plastik\plastic465.jpg,plastik,trashnet
dataset\plastik\plastic466.jpg,plastik,trashnet
dataset\plastik\plastic467.jpg,plastik,trashnet
dataset\plastik\plastic468.jpg,plastik,trashnet
dataset\plastik\plastic469.jpg,plastik,trashnet
dataset\plastik\plastic47.jpg,plastik,trashnet
dataset\plastik\plastic470.jpg,plastik,trashnet
dataset\plastik\plastic471.jpg,plastik,trashnet
dataset\plastik\plastic472.jpg,plastik,trashnet
dataset\plastik\plastic473.jpg,plastik,trashnet
dataset\plastik\plastic474.jpg,plastik,trashnet
dataset\plastik\plastic475.jpg,plastik,trashnet
dataset\plastik\plastic476.jpg,plastik,trashnet
dataset\plastik\plastic477.jpg,plastik,trashnet
dataset\plastik\plastic478.jpg,plastik,trashnet
dataset\plastik\plastic479.jpg,plastik,trashnet
dataset\plastik\plastic48.jpg,plastik,trashnet
dataset\plastik\plastic480.jpg,plastik,trashnet
dataset\plastik\plastic481.jpg,plastik,trashnet
dataset\plastik\plastic482.jpg,plastik,trashnet
dataset\plastik\plastic49.jpg,plastik,trashnet
dataset\plastik\plastic5.jpg,plastik,trashnet
dataset\plastik\plastic50.jpg,plastik,trashnet
dataset\plastik\plastic51.jpg,plastik,trashnet
dataset\plastik\plastic52.jpg,plastik,trashnet
dataset\plastik\plastic53.jpg,plastik,trashnet
dataset\plastik\plastic54.jpg,plastik,trashnet
dataset\plastik\plastic55.jpg,plastik,trashnet
dataset\plastik\plastic56.jpg,plastik,trashnet
dataset\plastik\plastic57.jpg,plastik,trashnet
dataset\plastik\plastic58.jpg,plastik,trashnet
dataset\plastik\plastic59.jpg,plastik,trashnet
dataset\plastik\plastic6.jpg,plastik,trashnet
dataset\plastik\plastic60.jpg,plastik,trashnet
dataset\plastik\plastic61.jpg,plastik,trashnet
dataset\plastik\plastic62.jpg,plastik,trashnet
dataset\plastik\plastic63.jpg,plastik,trashnet
dataset\plastik\plastic64.jpg,plastik,trashnet
dataset\plastik\plastic65.jpg,plastik,trashnet
dataset\plastik\plastic66.jpg,plastik,trashnet
dataset\plastik\plastic67.jpg,plastik,trashnet
dataset\plastik\plastic68.jpg,plastik,trashnet
dataset\plastik\plastic69.jpg,plastik,trashnet
dataset\plastik\plastic7.jpg,plastik,trashnet
dataset\plastik\plastic70.jpg,plastik,trashnet
dataset\plastik\plastic71.jpg,plastik,trashnet
dataset\plastik\plastic72.jpg,plastik,trashnet
dataset\plastik\plastic73.jpg,plastik,trashnet
dataset\plastik\plastic74.jpg,plastik,trashnet
dataset\plastik\plastic75.jpg,plastik,trashnet
dataset\plastik\plastic76.jpg,plastik,trashnet
dataset\plastik\plastic77.jpg,plastik,trashnet
dataset\plastik\plastic78.jpg,plastik,trashnet
dataset\plastik\plastic79.jpg,plastik,trashnet
dataset\plastik\plastic8.jpg,plastik,trashnet
dataset\plastik\plastic80.jpg,plastik,trashnet
dataset\plastik\plastic81.jpg,plastik,trashnet
dataset\plastik\plastic82.jpg,plastik,trashnet
dataset\plastik\plastic83.jpg,plastik,trashnet
dataset\plastik\plastic84.jpg,plastik,trashnet
dataset\plastik\plastic85.jpg,plastik,trashnet
dataset\plastik\plastic86.jpg,plastik,trashnet
dataset\plastik\plastic87.jpg,plastik,trashnet
dataset\plastik\plastic88.jpg,plastik,trashnet
dataset\plastik\plastic89.jpg,plastik,trashnet
dataset\plastik\plastic9.jpg,plastik,trashnet
dataset\plastik\plastic90.jpg,plastik,trashnet
dataset\plastik\plastic91.jpg,plastik,trashnet
dataset\plastik\plastic92.jpg,plastik,trashnet
dataset\plastik\plastic93.jpg,plastik,trashnet
dataset\plastik\plastic94.jpg,plastik,trashnet
dataset\plastik\plastic95.jpg,plastik,trashnet
dataset\plastik\plastic96.jpg,plastik,trashnet
dataset\plastik\plastic97.jpg,plastik,trashnet
dataset\plastik\plastic98.jpg,plastik,trashnet
dataset\plastik\plastic99.jpg,plastik,trashnet
dataset\plastik\stuck_20260901_134143_815093_plastik_1.00.jpg,plastik,real
dataset\plastik\stuck_20260901_173408_063716_plastik_1.00.jpg,plastik,real
dataset\plastik\stuck_20260901_173443_184441_plastik_1.00.jpg,plastik,real
dataset\plastik\test3.jpg,plastik,trashnet
dataset\plastik\test4.jpg,plastik,trashnet
dataset\plastik\test5.jpg,plastik,trashnet
dataset\plastik\test6.jpg,plastik,trashnet
